-- phpMyAdmin SQL Dump
-- version 5.2.0
-- https://www.phpmyadmin.net/
--
-- Host: 127.0.0.1
-- Generation Time: Sep 12, 2023 at 02:13 PM
-- Server version: 10.4.27-MariaDB
-- PHP Version: 8.1.12

SET SQL_MODE = "NO_AUTO_VALUE_ON_ZERO";
START TRANSACTION;
SET time_zone = "+00:00";


/*!40101 SET @OLD_CHARACTER_SET_CLIENT=@@CHARACTER_SET_CLIENT */;
/*!40101 SET @OLD_CHARACTER_SET_RESULTS=@@CHARACTER_SET_RESULTS */;
/*!40101 SET @OLD_COLLATION_CONNECTION=@@COLLATION_CONNECTION */;
/*!40101 SET NAMES utf8mb4 */;

--
-- Database: `diu_library`
--

-- --------------------------------------------------------

--
-- Table structure for table `books`
--

CREATE TABLE `books` (
  `book_id` bigint(20) UNSIGNED NOT NULL,
  `title` varchar(1000) NOT NULL,
  `author` varchar(1000) NOT NULL,
  `description` text NOT NULL,
  `category_id` int(10) UNSIGNED NOT NULL,
  `added_by` int(10) UNSIGNED NOT NULL,
  `image` text DEFAULT NULL,
  `book_url` varchar(1000) DEFAULT NULL,
  `created_at` timestamp NULL DEFAULT NULL,
  `updated_at` timestamp NULL DEFAULT NULL
) ENGINE=InnoDB DEFAULT CHARSET=utf8mb4 COLLATE=utf8mb4_unicode_ci;

--
-- Dumping data for table `books`
--

INSERT INTO `books` (`book_id`, `title`, `author`, `description`, `category_id`, `added_by`, `image`, `book_url`, `created_at`, `updated_at`) VALUES
(1, 'Structured Programming', 'Dennis Ritchie', 'The C programming language was developed by Dennis Ritchie at Bell Labs in the early 1970s. Dennis Ritchie is often credited as the primary author and creator of the C language. C is a widely used programming language known for its simplicity and efficiency and has had a significant influence on the development of many other programming languages.', 1, 1, '1694428191.jpg', 'https://www.cprogramming.com/', NULL, NULL),
(2, 'Data structures', 'Mark Allen Weiss', 'Data structures refer to the way data is organized, stored, and manipulated in a computer program. They are fundamental components of computer science and software development, allowing efficient access and modification of data. Data structures are crucial for solving various computational problems and optimizing algorithms.', 1, 1, '1694428500.jpg', 'http://users.cs.fiu.edu/~weiss/dsaa_c++4/', NULL, NULL),
(3, 'Discrete Mathematics', 'Kenneth H. Rosen', 'Discrete Mathematics is a branch of mathematics that deals with countable, distinct, and separate objects or structures. It is particularly relevant in computer science, information theory, and various areas of mathematics and science where discrete elements are involved. Discrete mathematics focuses on concepts that are not continuous or infinitely divisible, in contrast to continuous mathematics, which deals with continuous values.', 3, 1, '1694428728.jpg', 'https://www.mheducation.com/highered/product/discrete-mathematics-its-applications-rosen/M9780073383095.html', NULL, NULL),
(4, 'Electronic Devices & Circuits', 'Robert L. Boylestad and Louis Nashelsky', '\"Electronic Devices and Circuits\" is a subject within electrical and electronic engineering that focuses on the study of electronic components, semiconductor devices, and their applications in electronic circuits. This subject is fundamental to understanding how electronic devices work and how to design electronic circuits for various applications.', 3, 1, '1694428898.jpg', 'https://www.pearson.com/en-us/search.html?aq=Boylestad%20Electronic-Devices-and-Circuit-Theory-11th-Edition', NULL, NULL),
(5, 'Principle of Accounting', 'Walter T. Harrison Jr', 'The principles of accounting refer to a set of fundamental guidelines and rules that govern how financial transactions are recorded, reported, and analyzed in the field of accounting. These principles ensure consistency, accuracy, and transparency in financial reporting, making it possible for individuals and organizations to assess their financial health and make informed decisions.', 2, 1, '1694429117.jpg', 'https://www.pearson.com/en-us/search.html?aq=Harrison%20Financial-Accounting-12th-Edition', NULL, NULL),
(6, 'Principles of Economics', 'N. Gregory Mankiw', '\"Principles of Economics\" is a broad and common title for textbooks that cover the fundamental concepts and principles of economics. There are numerous authors and editions of such textbooks, so I\'ll provide information about one of the widely used ones:', 2, 1, '1694429298.jpg', 'https://www.researchgate.net/publication/339513598_Cover_page_of_the_book_Principles_of_Management', NULL, NULL),
(7, 'Basic English', 'Raymond Murphy', '\"English Grammar in Use\" by Raymond Murphy is a widely used and respected resource for learners of English. It covers essential grammar topics, vocabulary, and exercises to help learners build a strong foundation in English grammar and communication skills.', 4, 1, '1694429725.jpg', 'https://basicenglishspeaking.com/books/', NULL, NULL),
(8, 'Communicative English', 'Clive Oxenden and Christina Latham-Koenig', '\"Communicative English\" is a term often used to describe a type of English language teaching approach that focuses on developing communication skills, including speaking, listening, reading, and writing. There are many textbooks and resources available that aim to improve communicative English skills. However, specific books with this title may vary depending on the publisher and region. I can provide you with the name of a popular series of books often used for communicative English teaching:', 4, 1, '1694429989.jpg', 'https://www.lipsum.com/', NULL, NULL);

-- --------------------------------------------------------

--
-- Table structure for table `book_categories`
--

CREATE TABLE `book_categories` (
  `id` bigint(20) UNSIGNED NOT NULL,
  `category` varchar(255) NOT NULL,
  `created_at` timestamp NULL DEFAULT NULL,
  `updated_at` timestamp NULL DEFAULT NULL
) ENGINE=InnoDB DEFAULT CHARSET=utf8mb4 COLLATE=utf8mb4_unicode_ci;

--
-- Dumping data for table `book_categories`
--

INSERT INTO `book_categories` (`id`, `category`, `created_at`, `updated_at`) VALUES
(1, 'CSE', '2023-08-13 03:33:22', '2023-08-13 03:33:22'),
(2, 'BBA', '2023-08-13 03:33:26', '2023-08-13 03:33:26'),
(3, 'EEE', '2023-08-13 03:33:30', '2023-08-13 03:33:30'),
(4, 'English', '2023-08-13 03:33:39', '2023-08-13 03:33:39');

-- --------------------------------------------------------

--
-- Table structure for table `book_issues`
--

CREATE TABLE `book_issues` (
  `issue_id` bigint(20) UNSIGNED NOT NULL,
  `book_id` int(11) NOT NULL,
  `available_status` tinyint(4) NOT NULL DEFAULT 1,
  `added_by` int(10) UNSIGNED NOT NULL,
  `created_at` timestamp NULL DEFAULT NULL,
  `updated_at` timestamp NULL DEFAULT NULL
) ENGINE=InnoDB DEFAULT CHARSET=utf8mb4 COLLATE=utf8mb4_unicode_ci;

--
-- Dumping data for table `book_issues`
--

INSERT INTO `book_issues` (`issue_id`, `book_id`, `available_status`, `added_by`, `created_at`, `updated_at`) VALUES
(1, 1, 1, 1, NULL, NULL),
(2, 1, 1, 1, NULL, NULL),
(3, 1, 1, 1, NULL, NULL),
(4, 1, 1, 1, NULL, NULL),
(5, 1, 1, 1, NULL, NULL),
(6, 1, 1, 1, NULL, NULL),
(7, 1, 1, 1, NULL, NULL),
(8, 1, 1, 1, NULL, NULL),
(9, 1, 1, 1, NULL, NULL),
(10, 1, 1, 1, NULL, NULL),
(11, 1, 1, 1, NULL, NULL),
(12, 1, 1, 1, NULL, NULL),
(13, 1, 1, 1, NULL, NULL),
(14, 1, 1, 1, NULL, NULL),
(15, 1, 1, 1, NULL, NULL),
(16, 1, 1, 1, NULL, NULL),
(17, 1, 1, 1, NULL, NULL),
(18, 1, 1, 1, NULL, NULL),
(19, 1, 1, 1, NULL, NULL),
(20, 1, 1, 1, NULL, NULL),
(21, 1, 1, 1, NULL, NULL),
(22, 1, 1, 1, NULL, NULL),
(23, 1, 1, 1, NULL, NULL),
(24, 1, 1, 1, NULL, NULL),
(25, 1, 1, 1, NULL, NULL),
(26, 1, 1, 1, NULL, NULL),
(27, 1, 1, 1, NULL, NULL),
(28, 1, 1, 1, NULL, NULL),
(29, 1, 1, 1, NULL, NULL),
(30, 1, 1, 1, NULL, NULL),
(31, 1, 1, 1, NULL, NULL),
(32, 1, 1, 1, NULL, NULL),
(33, 1, 1, 1, NULL, NULL),
(34, 1, 1, 1, NULL, NULL),
(35, 1, 1, 1, NULL, NULL),
(36, 1, 1, 1, NULL, NULL),
(37, 1, 1, 1, NULL, NULL),
(38, 1, 1, 1, NULL, NULL),
(39, 1, 1, 1, NULL, NULL),
(40, 1, 1, 1, NULL, NULL),
(41, 1, 1, 1, NULL, NULL),
(42, 1, 1, 1, NULL, NULL),
(43, 1, 1, 1, NULL, NULL),
(44, 1, 1, 1, NULL, NULL),
(45, 1, 1, 1, NULL, NULL),
(46, 1, 1, 1, NULL, NULL),
(47, 1, 1, 1, NULL, NULL),
(48, 1, 1, 1, NULL, NULL),
(49, 1, 1, 1, NULL, NULL),
(50, 1, 1, 1, NULL, NULL),
(51, 1, 1, 1, NULL, NULL),
(52, 1, 1, 1, NULL, NULL),
(53, 1, 1, 1, NULL, NULL),
(54, 1, 1, 1, NULL, NULL),
(55, 1, 1, 1, NULL, NULL),
(56, 1, 1, 1, NULL, NULL),
(57, 1, 1, 1, NULL, NULL),
(58, 1, 1, 1, NULL, NULL),
(59, 1, 1, 1, NULL, NULL),
(60, 1, 1, 1, NULL, NULL),
(61, 1, 1, 1, NULL, NULL),
(62, 1, 1, 1, NULL, NULL),
(63, 1, 1, 1, NULL, NULL),
(64, 1, 1, 1, NULL, NULL),
(65, 1, 1, 1, NULL, NULL),
(66, 1, 1, 1, NULL, NULL),
(67, 1, 1, 1, NULL, NULL),
(68, 1, 1, 1, NULL, NULL),
(69, 1, 1, 1, NULL, NULL),
(70, 1, 1, 1, NULL, NULL),
(71, 1, 1, 1, NULL, NULL),
(72, 1, 1, 1, NULL, NULL),
(73, 1, 1, 1, NULL, NULL),
(74, 1, 1, 1, NULL, NULL),
(75, 1, 1, 1, NULL, NULL),
(76, 1, 1, 1, NULL, NULL),
(77, 1, 1, 1, NULL, NULL),
(78, 1, 1, 1, NULL, NULL),
(79, 1, 1, 1, NULL, NULL),
(80, 1, 1, 1, NULL, NULL),
(81, 1, 1, 1, NULL, NULL),
(82, 1, 1, 1, NULL, NULL),
(83, 1, 1, 1, NULL, NULL),
(84, 1, 1, 1, NULL, NULL),
(85, 1, 1, 1, NULL, NULL),
(86, 1, 1, 1, NULL, NULL),
(87, 1, 1, 1, NULL, NULL),
(88, 1, 1, 1, NULL, NULL),
(89, 1, 1, 1, NULL, NULL),
(90, 1, 1, 1, NULL, NULL),
(91, 1, 1, 1, NULL, NULL),
(92, 1, 1, 1, NULL, NULL),
(93, 1, 1, 1, NULL, NULL),
(94, 1, 1, 1, NULL, NULL),
(95, 1, 1, 1, NULL, NULL),
(96, 1, 1, 1, NULL, NULL),
(97, 1, 1, 1, NULL, NULL),
(98, 1, 1, 1, NULL, NULL),
(99, 1, 1, 1, NULL, NULL),
(100, 1, 1, 1, NULL, NULL),
(101, 2, 1, 1, NULL, NULL),
(102, 2, 1, 1, NULL, NULL),
(103, 2, 1, 1, NULL, NULL),
(104, 2, 1, 1, NULL, NULL),
(105, 2, 1, 1, NULL, NULL),
(106, 2, 1, 1, NULL, NULL),
(107, 2, 1, 1, NULL, NULL),
(108, 2, 1, 1, NULL, NULL),
(109, 2, 1, 1, NULL, NULL),
(110, 2, 1, 1, NULL, NULL),
(111, 2, 1, 1, NULL, NULL),
(112, 2, 1, 1, NULL, NULL),
(113, 2, 1, 1, NULL, NULL),
(114, 2, 1, 1, NULL, NULL),
(115, 2, 1, 1, NULL, NULL),
(116, 2, 1, 1, NULL, NULL),
(117, 2, 1, 1, NULL, NULL),
(118, 2, 1, 1, NULL, NULL),
(119, 2, 1, 1, NULL, NULL),
(120, 2, 1, 1, NULL, NULL),
(121, 2, 1, 1, NULL, NULL),
(122, 2, 1, 1, NULL, NULL),
(123, 2, 1, 1, NULL, NULL),
(124, 2, 1, 1, NULL, NULL),
(125, 2, 1, 1, NULL, NULL),
(126, 2, 1, 1, NULL, NULL),
(127, 2, 1, 1, NULL, NULL),
(128, 2, 1, 1, NULL, NULL),
(129, 2, 1, 1, NULL, NULL),
(130, 2, 1, 1, NULL, NULL),
(131, 2, 1, 1, NULL, NULL),
(132, 2, 1, 1, NULL, NULL),
(133, 2, 1, 1, NULL, NULL),
(134, 2, 1, 1, NULL, NULL),
(135, 2, 1, 1, NULL, NULL),
(136, 2, 1, 1, NULL, NULL),
(137, 2, 1, 1, NULL, NULL),
(138, 2, 1, 1, NULL, NULL),
(139, 2, 1, 1, NULL, NULL),
(140, 2, 1, 1, NULL, NULL),
(141, 2, 1, 1, NULL, NULL),
(142, 2, 1, 1, NULL, NULL),
(143, 2, 1, 1, NULL, NULL),
(144, 2, 1, 1, NULL, NULL),
(145, 2, 1, 1, NULL, NULL),
(146, 2, 1, 1, NULL, NULL),
(147, 2, 1, 1, NULL, NULL),
(148, 2, 1, 1, NULL, NULL),
(149, 2, 1, 1, NULL, NULL),
(150, 2, 1, 1, NULL, NULL),
(151, 2, 1, 1, NULL, NULL),
(152, 2, 1, 1, NULL, NULL),
(153, 2, 1, 1, NULL, NULL),
(154, 2, 1, 1, NULL, NULL),
(155, 2, 1, 1, NULL, NULL),
(156, 2, 1, 1, NULL, NULL),
(157, 2, 1, 1, NULL, NULL),
(158, 2, 1, 1, NULL, NULL),
(159, 2, 1, 1, NULL, NULL),
(160, 2, 1, 1, NULL, NULL),
(161, 2, 1, 1, NULL, NULL),
(162, 2, 1, 1, NULL, NULL),
(163, 2, 1, 1, NULL, NULL),
(164, 2, 1, 1, NULL, NULL),
(165, 2, 1, 1, NULL, NULL),
(166, 2, 1, 1, NULL, NULL),
(167, 2, 1, 1, NULL, NULL),
(168, 2, 1, 1, NULL, NULL),
(169, 2, 1, 1, NULL, NULL),
(170, 2, 1, 1, NULL, NULL),
(171, 2, 1, 1, NULL, NULL),
(172, 2, 1, 1, NULL, NULL),
(173, 2, 1, 1, NULL, NULL),
(174, 2, 1, 1, NULL, NULL),
(175, 2, 1, 1, NULL, NULL),
(176, 2, 1, 1, NULL, NULL),
(177, 2, 1, 1, NULL, NULL),
(178, 2, 1, 1, NULL, NULL),
(179, 2, 1, 1, NULL, NULL),
(180, 2, 1, 1, NULL, NULL),
(181, 2, 1, 1, NULL, NULL),
(182, 2, 1, 1, NULL, NULL),
(183, 2, 1, 1, NULL, NULL),
(184, 2, 1, 1, NULL, NULL),
(185, 2, 1, 1, NULL, NULL),
(186, 2, 1, 1, NULL, NULL),
(187, 2, 1, 1, NULL, NULL),
(188, 2, 1, 1, NULL, NULL),
(189, 2, 1, 1, NULL, NULL),
(190, 2, 1, 1, NULL, NULL),
(191, 2, 1, 1, NULL, NULL),
(192, 2, 1, 1, NULL, NULL),
(193, 2, 1, 1, NULL, NULL),
(194, 2, 1, 1, NULL, NULL),
(195, 2, 1, 1, NULL, NULL),
(196, 2, 1, 1, NULL, NULL),
(197, 2, 1, 1, NULL, NULL),
(198, 2, 1, 1, NULL, NULL),
(199, 2, 1, 1, NULL, NULL),
(200, 2, 1, 1, NULL, NULL),
(201, 3, 1, 1, NULL, NULL),
(202, 3, 1, 1, NULL, NULL),
(203, 3, 1, 1, NULL, NULL),
(204, 3, 1, 1, NULL, NULL),
(205, 3, 1, 1, NULL, NULL),
(206, 3, 1, 1, NULL, NULL),
(207, 3, 1, 1, NULL, NULL),
(208, 3, 1, 1, NULL, NULL),
(209, 3, 1, 1, NULL, NULL),
(210, 3, 1, 1, NULL, NULL),
(211, 3, 1, 1, NULL, NULL),
(212, 3, 1, 1, NULL, NULL),
(213, 3, 1, 1, NULL, NULL),
(214, 3, 1, 1, NULL, NULL),
(215, 3, 1, 1, NULL, NULL),
(216, 3, 1, 1, NULL, NULL),
(217, 3, 1, 1, NULL, NULL),
(218, 3, 1, 1, NULL, NULL),
(219, 3, 1, 1, NULL, NULL),
(220, 3, 1, 1, NULL, NULL),
(221, 3, 1, 1, NULL, NULL),
(222, 3, 1, 1, NULL, NULL),
(223, 3, 1, 1, NULL, NULL),
(224, 3, 1, 1, NULL, NULL),
(225, 3, 1, 1, NULL, NULL),
(226, 3, 1, 1, NULL, NULL),
(227, 3, 1, 1, NULL, NULL),
(228, 3, 1, 1, NULL, NULL),
(229, 3, 1, 1, NULL, NULL),
(230, 3, 1, 1, NULL, NULL),
(231, 3, 1, 1, NULL, NULL),
(232, 3, 1, 1, NULL, NULL),
(233, 3, 1, 1, NULL, NULL),
(234, 3, 1, 1, NULL, NULL),
(235, 3, 1, 1, NULL, NULL),
(236, 3, 1, 1, NULL, NULL),
(237, 3, 1, 1, NULL, NULL),
(238, 3, 1, 1, NULL, NULL),
(239, 3, 1, 1, NULL, NULL),
(240, 3, 1, 1, NULL, NULL),
(241, 3, 1, 1, NULL, NULL),
(242, 3, 1, 1, NULL, NULL),
(243, 3, 1, 1, NULL, NULL),
(244, 3, 1, 1, NULL, NULL),
(245, 3, 1, 1, NULL, NULL),
(246, 3, 1, 1, NULL, NULL),
(247, 3, 1, 1, NULL, NULL),
(248, 3, 1, 1, NULL, NULL),
(249, 3, 1, 1, NULL, NULL),
(250, 3, 1, 1, NULL, NULL),
(251, 3, 1, 1, NULL, NULL),
(252, 3, 1, 1, NULL, NULL),
(253, 3, 1, 1, NULL, NULL),
(254, 3, 1, 1, NULL, NULL),
(255, 3, 1, 1, NULL, NULL),
(256, 3, 1, 1, NULL, NULL),
(257, 3, 1, 1, NULL, NULL),
(258, 3, 1, 1, NULL, NULL),
(259, 3, 1, 1, NULL, NULL),
(260, 3, 1, 1, NULL, NULL),
(261, 3, 1, 1, NULL, NULL),
(262, 3, 1, 1, NULL, NULL),
(263, 3, 1, 1, NULL, NULL),
(264, 3, 1, 1, NULL, NULL),
(265, 3, 1, 1, NULL, NULL),
(266, 3, 1, 1, NULL, NULL),
(267, 3, 1, 1, NULL, NULL),
(268, 3, 1, 1, NULL, NULL),
(269, 3, 1, 1, NULL, NULL),
(270, 3, 1, 1, NULL, NULL),
(271, 3, 1, 1, NULL, NULL),
(272, 3, 1, 1, NULL, NULL),
(273, 3, 1, 1, NULL, NULL),
(274, 3, 1, 1, NULL, NULL),
(275, 3, 1, 1, NULL, NULL),
(276, 3, 1, 1, NULL, NULL),
(277, 3, 1, 1, NULL, NULL),
(278, 3, 1, 1, NULL, NULL),
(279, 3, 1, 1, NULL, NULL),
(280, 3, 1, 1, NULL, NULL),
(281, 3, 1, 1, NULL, NULL),
(282, 3, 1, 1, NULL, NULL),
(283, 3, 1, 1, NULL, NULL),
(284, 3, 1, 1, NULL, NULL),
(285, 3, 1, 1, NULL, NULL),
(286, 3, 1, 1, NULL, NULL),
(287, 3, 1, 1, NULL, NULL),
(288, 3, 1, 1, NULL, NULL),
(289, 3, 1, 1, NULL, NULL),
(290, 3, 1, 1, NULL, NULL),
(291, 3, 1, 1, NULL, NULL),
(292, 3, 1, 1, NULL, NULL),
(293, 3, 1, 1, NULL, NULL),
(294, 3, 1, 1, NULL, NULL),
(295, 3, 1, 1, NULL, NULL),
(296, 3, 1, 1, NULL, NULL),
(297, 3, 1, 1, NULL, NULL),
(298, 3, 1, 1, NULL, NULL),
(299, 3, 1, 1, NULL, NULL),
(300, 3, 1, 1, NULL, NULL),
(301, 3, 1, 1, NULL, NULL),
(302, 3, 1, 1, NULL, NULL),
(303, 3, 1, 1, NULL, NULL),
(304, 3, 1, 1, NULL, NULL),
(305, 3, 1, 1, NULL, NULL),
(306, 3, 1, 1, NULL, NULL),
(307, 3, 1, 1, NULL, NULL),
(308, 3, 1, 1, NULL, NULL),
(309, 3, 1, 1, NULL, NULL),
(310, 3, 1, 1, NULL, NULL),
(311, 3, 1, 1, NULL, NULL),
(312, 3, 1, 1, NULL, NULL),
(313, 3, 1, 1, NULL, NULL),
(314, 3, 1, 1, NULL, NULL),
(315, 3, 1, 1, NULL, NULL),
(316, 3, 1, 1, NULL, NULL),
(317, 3, 1, 1, NULL, NULL),
(318, 3, 1, 1, NULL, NULL),
(319, 3, 1, 1, NULL, NULL),
(320, 3, 1, 1, NULL, NULL),
(321, 3, 1, 1, NULL, NULL),
(322, 3, 1, 1, NULL, NULL),
(323, 3, 1, 1, NULL, NULL),
(324, 3, 1, 1, NULL, NULL),
(325, 3, 1, 1, NULL, NULL),
(326, 3, 1, 1, NULL, NULL),
(327, 3, 1, 1, NULL, NULL),
(328, 3, 1, 1, NULL, NULL),
(329, 3, 1, 1, NULL, NULL),
(330, 3, 1, 1, NULL, NULL),
(331, 3, 1, 1, NULL, NULL),
(332, 3, 1, 1, NULL, NULL),
(333, 3, 1, 1, NULL, NULL),
(334, 3, 1, 1, NULL, NULL),
(335, 3, 1, 1, NULL, NULL),
(336, 3, 1, 1, NULL, NULL),
(337, 3, 1, 1, NULL, NULL),
(338, 3, 1, 1, NULL, NULL),
(339, 3, 1, 1, NULL, NULL),
(340, 3, 1, 1, NULL, NULL),
(341, 3, 1, 1, NULL, NULL),
(342, 3, 1, 1, NULL, NULL),
(343, 3, 1, 1, NULL, NULL),
(344, 3, 1, 1, NULL, NULL),
(345, 3, 1, 1, NULL, NULL),
(346, 3, 1, 1, NULL, NULL),
(347, 3, 1, 1, NULL, NULL),
(348, 3, 1, 1, NULL, NULL),
(349, 3, 1, 1, NULL, NULL),
(350, 3, 1, 1, NULL, NULL),
(351, 3, 1, 1, NULL, NULL),
(352, 3, 1, 1, NULL, NULL),
(353, 3, 1, 1, NULL, NULL),
(354, 3, 1, 1, NULL, NULL),
(355, 3, 1, 1, NULL, NULL),
(356, 3, 1, 1, NULL, NULL),
(357, 3, 1, 1, NULL, NULL),
(358, 3, 1, 1, NULL, NULL),
(359, 3, 1, 1, NULL, NULL),
(360, 3, 1, 1, NULL, NULL),
(361, 3, 1, 1, NULL, NULL),
(362, 3, 1, 1, NULL, NULL),
(363, 3, 1, 1, NULL, NULL),
(364, 3, 1, 1, NULL, NULL),
(365, 3, 1, 1, NULL, NULL),
(366, 3, 1, 1, NULL, NULL),
(367, 3, 1, 1, NULL, NULL),
(368, 3, 1, 1, NULL, NULL),
(369, 3, 1, 1, NULL, NULL),
(370, 3, 1, 1, NULL, NULL),
(371, 3, 1, 1, NULL, NULL),
(372, 3, 1, 1, NULL, NULL),
(373, 3, 1, 1, NULL, NULL),
(374, 3, 1, 1, NULL, NULL),
(375, 3, 1, 1, NULL, NULL),
(376, 3, 1, 1, NULL, NULL),
(377, 3, 1, 1, NULL, NULL),
(378, 3, 1, 1, NULL, NULL),
(379, 3, 1, 1, NULL, NULL),
(380, 3, 1, 1, NULL, NULL),
(381, 3, 1, 1, NULL, NULL),
(382, 3, 1, 1, NULL, NULL),
(383, 3, 1, 1, NULL, NULL),
(384, 3, 1, 1, NULL, NULL),
(385, 3, 1, 1, NULL, NULL),
(386, 3, 1, 1, NULL, NULL),
(387, 3, 1, 1, NULL, NULL),
(388, 3, 1, 1, NULL, NULL),
(389, 3, 1, 1, NULL, NULL),
(390, 3, 1, 1, NULL, NULL),
(391, 3, 1, 1, NULL, NULL),
(392, 3, 1, 1, NULL, NULL),
(393, 3, 1, 1, NULL, NULL),
(394, 3, 1, 1, NULL, NULL),
(395, 3, 1, 1, NULL, NULL),
(396, 3, 1, 1, NULL, NULL),
(397, 3, 1, 1, NULL, NULL),
(398, 3, 1, 1, NULL, NULL),
(399, 3, 1, 1, NULL, NULL),
(400, 3, 1, 1, NULL, NULL),
(401, 4, 1, 1, NULL, NULL),
(402, 4, 1, 1, NULL, NULL),
(403, 4, 1, 1, NULL, NULL),
(404, 4, 1, 1, NULL, NULL),
(405, 4, 1, 1, NULL, NULL),
(406, 4, 1, 1, NULL, NULL),
(407, 4, 1, 1, NULL, NULL),
(408, 4, 1, 1, NULL, NULL),
(409, 4, 1, 1, NULL, NULL),
(410, 4, 1, 1, NULL, NULL),
(411, 4, 1, 1, NULL, NULL),
(412, 4, 1, 1, NULL, NULL),
(413, 4, 1, 1, NULL, NULL),
(414, 4, 1, 1, NULL, NULL),
(415, 4, 1, 1, NULL, NULL),
(416, 4, 1, 1, NULL, NULL),
(417, 4, 1, 1, NULL, NULL),
(418, 4, 1, 1, NULL, NULL),
(419, 4, 1, 1, NULL, NULL),
(420, 4, 1, 1, NULL, NULL),
(421, 4, 1, 1, NULL, NULL),
(422, 4, 1, 1, NULL, NULL),
(423, 4, 1, 1, NULL, NULL),
(424, 4, 1, 1, NULL, NULL),
(425, 4, 1, 1, NULL, NULL),
(426, 4, 1, 1, NULL, NULL),
(427, 4, 1, 1, NULL, NULL),
(428, 4, 1, 1, NULL, NULL),
(429, 4, 1, 1, NULL, NULL),
(430, 4, 1, 1, NULL, NULL),
(431, 4, 1, 1, NULL, NULL),
(432, 4, 1, 1, NULL, NULL),
(433, 4, 1, 1, NULL, NULL),
(434, 4, 1, 1, NULL, NULL),
(435, 4, 1, 1, NULL, NULL),
(436, 4, 1, 1, NULL, NULL),
(437, 4, 1, 1, NULL, NULL),
(438, 4, 1, 1, NULL, NULL),
(439, 4, 1, 1, NULL, NULL),
(440, 4, 1, 1, NULL, NULL),
(441, 4, 1, 1, NULL, NULL),
(442, 4, 1, 1, NULL, NULL),
(443, 4, 1, 1, NULL, NULL),
(444, 4, 1, 1, NULL, NULL),
(445, 4, 1, 1, NULL, NULL),
(446, 4, 1, 1, NULL, NULL),
(447, 4, 1, 1, NULL, NULL),
(448, 4, 1, 1, NULL, NULL),
(449, 4, 1, 1, NULL, NULL),
(450, 4, 1, 1, NULL, NULL),
(451, 4, 1, 1, NULL, NULL),
(452, 4, 1, 1, NULL, NULL),
(453, 4, 1, 1, NULL, NULL),
(454, 4, 1, 1, NULL, NULL),
(455, 4, 1, 1, NULL, NULL),
(456, 4, 1, 1, NULL, NULL),
(457, 4, 1, 1, NULL, NULL),
(458, 4, 1, 1, NULL, NULL),
(459, 4, 1, 1, NULL, NULL),
(460, 4, 1, 1, NULL, NULL),
(461, 4, 1, 1, NULL, NULL),
(462, 4, 1, 1, NULL, NULL),
(463, 4, 1, 1, NULL, NULL),
(464, 4, 1, 1, NULL, NULL),
(465, 4, 1, 1, NULL, NULL),
(466, 4, 1, 1, NULL, NULL),
(467, 4, 1, 1, NULL, NULL),
(468, 4, 1, 1, NULL, NULL),
(469, 4, 1, 1, NULL, NULL),
(470, 4, 1, 1, NULL, NULL),
(471, 4, 1, 1, NULL, NULL),
(472, 4, 1, 1, NULL, NULL),
(473, 4, 1, 1, NULL, NULL),
(474, 4, 1, 1, NULL, NULL),
(475, 4, 1, 1, NULL, NULL),
(476, 4, 1, 1, NULL, NULL),
(477, 4, 1, 1, NULL, NULL),
(478, 4, 1, 1, NULL, NULL),
(479, 4, 1, 1, NULL, NULL),
(480, 4, 1, 1, NULL, NULL),
(481, 4, 1, 1, NULL, NULL),
(482, 4, 1, 1, NULL, NULL),
(483, 4, 1, 1, NULL, NULL),
(484, 4, 1, 1, NULL, NULL),
(485, 4, 1, 1, NULL, NULL),
(486, 4, 1, 1, NULL, NULL),
(487, 4, 1, 1, NULL, NULL),
(488, 4, 1, 1, NULL, NULL),
(489, 4, 1, 1, NULL, NULL),
(490, 4, 1, 1, NULL, NULL),
(491, 4, 1, 1, NULL, NULL),
(492, 4, 1, 1, NULL, NULL),
(493, 4, 1, 1, NULL, NULL),
(494, 4, 1, 1, NULL, NULL),
(495, 4, 1, 1, NULL, NULL),
(496, 4, 1, 1, NULL, NULL),
(497, 4, 1, 1, NULL, NULL),
(498, 4, 1, 1, NULL, NULL),
(499, 4, 1, 1, NULL, NULL),
(500, 4, 1, 1, NULL, NULL),
(501, 4, 1, 1, NULL, NULL),
(502, 4, 1, 1, NULL, NULL),
(503, 4, 1, 1, NULL, NULL),
(504, 4, 1, 1, NULL, NULL),
(505, 4, 1, 1, NULL, NULL),
(506, 4, 1, 1, NULL, NULL),
(507, 4, 1, 1, NULL, NULL),
(508, 4, 1, 1, NULL, NULL),
(509, 4, 1, 1, NULL, NULL),
(510, 4, 1, 1, NULL, NULL),
(511, 4, 1, 1, NULL, NULL),
(512, 4, 1, 1, NULL, NULL),
(513, 4, 1, 1, NULL, NULL),
(514, 4, 1, 1, NULL, NULL),
(515, 4, 1, 1, NULL, NULL),
(516, 4, 1, 1, NULL, NULL),
(517, 4, 1, 1, NULL, NULL),
(518, 4, 1, 1, NULL, NULL),
(519, 4, 1, 1, NULL, NULL),
(520, 4, 1, 1, NULL, NULL),
(521, 4, 1, 1, NULL, NULL),
(522, 4, 1, 1, NULL, NULL),
(523, 4, 1, 1, NULL, NULL),
(524, 4, 1, 1, NULL, NULL),
(525, 4, 1, 1, NULL, NULL),
(526, 4, 1, 1, NULL, NULL),
(527, 4, 1, 1, NULL, NULL),
(528, 4, 1, 1, NULL, NULL),
(529, 4, 1, 1, NULL, NULL),
(530, 4, 1, 1, NULL, NULL),
(531, 4, 1, 1, NULL, NULL),
(532, 4, 1, 1, NULL, NULL),
(533, 4, 1, 1, NULL, NULL),
(534, 4, 1, 1, NULL, NULL),
(535, 4, 1, 1, NULL, NULL),
(536, 4, 1, 1, NULL, NULL),
(537, 4, 1, 1, NULL, NULL),
(538, 4, 1, 1, NULL, NULL),
(539, 4, 1, 1, NULL, NULL),
(540, 4, 1, 1, NULL, NULL),
(541, 4, 1, 1, NULL, NULL),
(542, 4, 1, 1, NULL, NULL),
(543, 4, 1, 1, NULL, NULL),
(544, 4, 1, 1, NULL, NULL),
(545, 4, 1, 1, NULL, NULL),
(546, 4, 1, 1, NULL, NULL),
(547, 4, 1, 1, NULL, NULL),
(548, 4, 1, 1, NULL, NULL),
(549, 4, 1, 1, NULL, NULL),
(550, 4, 1, 1, NULL, NULL),
(551, 4, 1, 1, NULL, NULL),
(552, 4, 1, 1, NULL, NULL),
(553, 4, 1, 1, NULL, NULL),
(554, 4, 1, 1, NULL, NULL),
(555, 4, 1, 1, NULL, NULL),
(556, 4, 1, 1, NULL, NULL),
(557, 4, 1, 1, NULL, NULL),
(558, 4, 1, 1, NULL, NULL),
(559, 4, 1, 1, NULL, NULL),
(560, 4, 1, 1, NULL, NULL),
(561, 4, 1, 1, NULL, NULL),
(562, 4, 1, 1, NULL, NULL),
(563, 4, 1, 1, NULL, NULL),
(564, 4, 1, 1, NULL, NULL),
(565, 4, 1, 1, NULL, NULL),
(566, 4, 1, 1, NULL, NULL),
(567, 4, 1, 1, NULL, NULL),
(568, 4, 1, 1, NULL, NULL),
(569, 4, 1, 1, NULL, NULL),
(570, 4, 1, 1, NULL, NULL),
(571, 4, 1, 1, NULL, NULL),
(572, 4, 1, 1, NULL, NULL),
(573, 4, 1, 1, NULL, NULL),
(574, 4, 1, 1, NULL, NULL),
(575, 4, 1, 1, NULL, NULL),
(576, 4, 1, 1, NULL, NULL),
(577, 4, 1, 1, NULL, NULL),
(578, 4, 1, 1, NULL, NULL),
(579, 4, 1, 1, NULL, NULL),
(580, 4, 1, 1, NULL, NULL),
(581, 4, 1, 1, NULL, NULL),
(582, 4, 1, 1, NULL, NULL),
(583, 4, 1, 1, NULL, NULL),
(584, 4, 1, 1, NULL, NULL),
(585, 4, 1, 1, NULL, NULL),
(586, 4, 1, 1, NULL, NULL),
(587, 4, 1, 1, NULL, NULL),
(588, 4, 1, 1, NULL, NULL),
(589, 4, 1, 1, NULL, NULL),
(590, 4, 1, 1, NULL, NULL),
(591, 4, 1, 1, NULL, NULL),
(592, 4, 1, 1, NULL, NULL),
(593, 4, 1, 1, NULL, NULL),
(594, 4, 1, 1, NULL, NULL),
(595, 4, 1, 1, NULL, NULL),
(596, 4, 1, 1, NULL, NULL),
(597, 4, 1, 1, NULL, NULL),
(598, 4, 1, 1, NULL, NULL),
(599, 4, 1, 1, NULL, NULL),
(600, 4, 1, 1, NULL, NULL),
(601, 5, 1, 1, NULL, NULL),
(602, 5, 1, 1, NULL, NULL),
(603, 5, 1, 1, NULL, NULL),
(604, 5, 1, 1, NULL, NULL),
(605, 5, 1, 1, NULL, NULL),
(606, 5, 1, 1, NULL, NULL),
(607, 5, 1, 1, NULL, NULL),
(608, 5, 1, 1, NULL, NULL),
(609, 5, 1, 1, NULL, NULL),
(610, 5, 1, 1, NULL, NULL),
(611, 5, 1, 1, NULL, NULL),
(612, 5, 1, 1, NULL, NULL),
(613, 5, 1, 1, NULL, NULL),
(614, 5, 1, 1, NULL, NULL),
(615, 5, 1, 1, NULL, NULL),
(616, 5, 1, 1, NULL, NULL),
(617, 5, 1, 1, NULL, NULL),
(618, 5, 1, 1, NULL, NULL),
(619, 5, 1, 1, NULL, NULL),
(620, 5, 1, 1, NULL, NULL),
(621, 5, 1, 1, NULL, NULL),
(622, 5, 1, 1, NULL, NULL),
(623, 5, 1, 1, NULL, NULL),
(624, 5, 1, 1, NULL, NULL),
(625, 5, 1, 1, NULL, NULL),
(626, 5, 1, 1, NULL, NULL),
(627, 5, 1, 1, NULL, NULL),
(628, 5, 1, 1, NULL, NULL),
(629, 5, 1, 1, NULL, NULL),
(630, 5, 1, 1, NULL, NULL),
(631, 5, 1, 1, NULL, NULL),
(632, 5, 1, 1, NULL, NULL),
(633, 5, 1, 1, NULL, NULL),
(634, 5, 1, 1, NULL, NULL),
(635, 5, 1, 1, NULL, NULL),
(636, 5, 1, 1, NULL, NULL),
(637, 5, 1, 1, NULL, NULL),
(638, 5, 1, 1, NULL, NULL),
(639, 5, 1, 1, NULL, NULL),
(640, 5, 1, 1, NULL, NULL),
(641, 5, 1, 1, NULL, NULL),
(642, 5, 1, 1, NULL, NULL),
(643, 5, 1, 1, NULL, NULL),
(644, 5, 1, 1, NULL, NULL),
(645, 5, 1, 1, NULL, NULL),
(646, 5, 1, 1, NULL, NULL),
(647, 5, 1, 1, NULL, NULL),
(648, 5, 1, 1, NULL, NULL),
(649, 5, 1, 1, NULL, NULL),
(650, 5, 1, 1, NULL, NULL),
(651, 5, 1, 1, NULL, NULL),
(652, 5, 1, 1, NULL, NULL),
(653, 5, 1, 1, NULL, NULL),
(654, 5, 1, 1, NULL, NULL),
(655, 5, 1, 1, NULL, NULL),
(656, 5, 1, 1, NULL, NULL),
(657, 5, 1, 1, NULL, NULL),
(658, 5, 1, 1, NULL, NULL),
(659, 5, 1, 1, NULL, NULL),
(660, 5, 1, 1, NULL, NULL),
(661, 5, 1, 1, NULL, NULL),
(662, 5, 1, 1, NULL, NULL),
(663, 5, 1, 1, NULL, NULL),
(664, 5, 1, 1, NULL, NULL),
(665, 5, 1, 1, NULL, NULL),
(666, 5, 1, 1, NULL, NULL),
(667, 5, 1, 1, NULL, NULL),
(668, 5, 1, 1, NULL, NULL),
(669, 5, 1, 1, NULL, NULL),
(670, 5, 1, 1, NULL, NULL),
(671, 5, 1, 1, NULL, NULL),
(672, 5, 1, 1, NULL, NULL),
(673, 5, 1, 1, NULL, NULL),
(674, 5, 1, 1, NULL, NULL),
(675, 5, 1, 1, NULL, NULL),
(676, 5, 1, 1, NULL, NULL),
(677, 5, 1, 1, NULL, NULL),
(678, 5, 1, 1, NULL, NULL),
(679, 5, 1, 1, NULL, NULL),
(680, 5, 1, 1, NULL, NULL),
(681, 5, 1, 1, NULL, NULL),
(682, 5, 1, 1, NULL, NULL),
(683, 5, 1, 1, NULL, NULL),
(684, 5, 1, 1, NULL, NULL),
(685, 5, 1, 1, NULL, NULL),
(686, 5, 1, 1, NULL, NULL),
(687, 5, 1, 1, NULL, NULL),
(688, 5, 1, 1, NULL, NULL),
(689, 5, 1, 1, NULL, NULL),
(690, 5, 1, 1, NULL, NULL),
(691, 5, 1, 1, NULL, NULL),
(692, 5, 1, 1, NULL, NULL),
(693, 5, 1, 1, NULL, NULL),
(694, 5, 1, 1, NULL, NULL),
(695, 5, 1, 1, NULL, NULL),
(696, 5, 1, 1, NULL, NULL),
(697, 5, 1, 1, NULL, NULL),
(698, 5, 1, 1, NULL, NULL),
(699, 5, 1, 1, NULL, NULL),
(700, 5, 1, 1, NULL, NULL),
(701, 5, 1, 1, NULL, NULL),
(702, 5, 1, 1, NULL, NULL),
(703, 5, 1, 1, NULL, NULL),
(704, 5, 1, 1, NULL, NULL),
(705, 5, 1, 1, NULL, NULL),
(706, 5, 1, 1, NULL, NULL),
(707, 5, 1, 1, NULL, NULL),
(708, 5, 1, 1, NULL, NULL),
(709, 5, 1, 1, NULL, NULL),
(710, 5, 1, 1, NULL, NULL),
(711, 5, 1, 1, NULL, NULL),
(712, 5, 1, 1, NULL, NULL),
(713, 5, 1, 1, NULL, NULL),
(714, 5, 1, 1, NULL, NULL),
(715, 5, 1, 1, NULL, NULL),
(716, 5, 1, 1, NULL, NULL),
(717, 5, 1, 1, NULL, NULL),
(718, 5, 1, 1, NULL, NULL),
(719, 5, 1, 1, NULL, NULL),
(720, 5, 1, 1, NULL, NULL),
(721, 5, 1, 1, NULL, NULL),
(722, 5, 1, 1, NULL, NULL),
(723, 5, 1, 1, NULL, NULL),
(724, 5, 1, 1, NULL, NULL),
(725, 5, 1, 1, NULL, NULL),
(726, 5, 1, 1, NULL, NULL),
(727, 5, 1, 1, NULL, NULL),
(728, 5, 1, 1, NULL, NULL),
(729, 5, 1, 1, NULL, NULL),
(730, 5, 1, 1, NULL, NULL),
(731, 5, 1, 1, NULL, NULL),
(732, 5, 1, 1, NULL, NULL),
(733, 5, 1, 1, NULL, NULL),
(734, 5, 1, 1, NULL, NULL),
(735, 5, 1, 1, NULL, NULL),
(736, 5, 1, 1, NULL, NULL),
(737, 5, 1, 1, NULL, NULL),
(738, 5, 1, 1, NULL, NULL),
(739, 5, 1, 1, NULL, NULL),
(740, 5, 1, 1, NULL, NULL),
(741, 5, 1, 1, NULL, NULL),
(742, 5, 1, 1, NULL, NULL),
(743, 5, 1, 1, NULL, NULL),
(744, 5, 1, 1, NULL, NULL),
(745, 5, 1, 1, NULL, NULL),
(746, 5, 1, 1, NULL, NULL),
(747, 5, 1, 1, NULL, NULL),
(748, 5, 1, 1, NULL, NULL),
(749, 5, 1, 1, NULL, NULL),
(750, 5, 1, 1, NULL, NULL),
(751, 5, 1, 1, NULL, NULL),
(752, 5, 1, 1, NULL, NULL),
(753, 5, 1, 1, NULL, NULL),
(754, 5, 1, 1, NULL, NULL),
(755, 5, 1, 1, NULL, NULL),
(756, 5, 1, 1, NULL, NULL),
(757, 5, 1, 1, NULL, NULL),
(758, 5, 1, 1, NULL, NULL),
(759, 5, 1, 1, NULL, NULL),
(760, 5, 1, 1, NULL, NULL),
(761, 5, 1, 1, NULL, NULL),
(762, 5, 1, 1, NULL, NULL),
(763, 5, 1, 1, NULL, NULL),
(764, 5, 1, 1, NULL, NULL),
(765, 5, 1, 1, NULL, NULL),
(766, 5, 1, 1, NULL, NULL),
(767, 5, 1, 1, NULL, NULL),
(768, 5, 1, 1, NULL, NULL),
(769, 5, 1, 1, NULL, NULL),
(770, 5, 1, 1, NULL, NULL),
(771, 5, 1, 1, NULL, NULL),
(772, 5, 1, 1, NULL, NULL),
(773, 5, 1, 1, NULL, NULL),
(774, 5, 1, 1, NULL, NULL),
(775, 5, 1, 1, NULL, NULL),
(776, 5, 1, 1, NULL, NULL),
(777, 5, 1, 1, NULL, NULL),
(778, 5, 1, 1, NULL, NULL),
(779, 5, 1, 1, NULL, NULL),
(780, 5, 1, 1, NULL, NULL),
(781, 5, 1, 1, NULL, NULL),
(782, 5, 1, 1, NULL, NULL),
(783, 5, 1, 1, NULL, NULL),
(784, 5, 1, 1, NULL, NULL),
(785, 5, 1, 1, NULL, NULL),
(786, 5, 1, 1, NULL, NULL),
(787, 5, 1, 1, NULL, NULL),
(788, 5, 1, 1, NULL, NULL),
(789, 5, 1, 1, NULL, NULL),
(790, 5, 1, 1, NULL, NULL),
(791, 5, 1, 1, NULL, NULL),
(792, 5, 1, 1, NULL, NULL),
(793, 5, 1, 1, NULL, NULL),
(794, 5, 1, 1, NULL, NULL),
(795, 5, 1, 1, NULL, NULL),
(796, 5, 1, 1, NULL, NULL),
(797, 5, 1, 1, NULL, NULL),
(798, 5, 1, 1, NULL, NULL),
(799, 5, 1, 1, NULL, NULL),
(800, 5, 1, 1, NULL, NULL),
(801, 5, 1, 1, NULL, NULL),
(802, 5, 1, 1, NULL, NULL),
(803, 5, 1, 1, NULL, NULL),
(804, 5, 1, 1, NULL, NULL),
(805, 5, 1, 1, NULL, NULL),
(806, 5, 1, 1, NULL, NULL),
(807, 5, 1, 1, NULL, NULL),
(808, 5, 1, 1, NULL, NULL),
(809, 5, 1, 1, NULL, NULL),
(810, 5, 1, 1, NULL, NULL),
(811, 5, 1, 1, NULL, NULL),
(812, 5, 1, 1, NULL, NULL),
(813, 5, 1, 1, NULL, NULL),
(814, 5, 1, 1, NULL, NULL),
(815, 5, 1, 1, NULL, NULL),
(816, 5, 1, 1, NULL, NULL),
(817, 5, 1, 1, NULL, NULL),
(818, 5, 1, 1, NULL, NULL),
(819, 5, 1, 1, NULL, NULL),
(820, 5, 1, 1, NULL, NULL),
(821, 5, 1, 1, NULL, NULL),
(822, 5, 1, 1, NULL, NULL),
(823, 5, 1, 1, NULL, NULL),
(824, 5, 1, 1, NULL, NULL),
(825, 5, 1, 1, NULL, NULL),
(826, 5, 1, 1, NULL, NULL),
(827, 5, 1, 1, NULL, NULL),
(828, 5, 1, 1, NULL, NULL),
(829, 5, 1, 1, NULL, NULL),
(830, 5, 1, 1, NULL, NULL),
(831, 5, 1, 1, NULL, NULL),
(832, 5, 1, 1, NULL, NULL),
(833, 5, 1, 1, NULL, NULL),
(834, 5, 1, 1, NULL, NULL),
(835, 5, 1, 1, NULL, NULL),
(836, 5, 1, 1, NULL, NULL),
(837, 5, 1, 1, NULL, NULL),
(838, 5, 1, 1, NULL, NULL),
(839, 5, 1, 1, NULL, NULL),
(840, 5, 1, 1, NULL, NULL),
(841, 5, 1, 1, NULL, NULL),
(842, 5, 1, 1, NULL, NULL),
(843, 5, 1, 1, NULL, NULL),
(844, 5, 1, 1, NULL, NULL),
(845, 5, 1, 1, NULL, NULL),
(846, 5, 1, 1, NULL, NULL),
(847, 5, 1, 1, NULL, NULL),
(848, 5, 1, 1, NULL, NULL),
(849, 5, 1, 1, NULL, NULL),
(850, 5, 1, 1, NULL, NULL),
(851, 5, 1, 1, NULL, NULL),
(852, 5, 1, 1, NULL, NULL),
(853, 5, 1, 1, NULL, NULL),
(854, 5, 1, 1, NULL, NULL),
(855, 5, 1, 1, NULL, NULL),
(856, 5, 1, 1, NULL, NULL),
(857, 5, 1, 1, NULL, NULL),
(858, 5, 1, 1, NULL, NULL),
(859, 5, 1, 1, NULL, NULL),
(860, 5, 1, 1, NULL, NULL),
(861, 5, 1, 1, NULL, NULL),
(862, 5, 1, 1, NULL, NULL),
(863, 5, 1, 1, NULL, NULL),
(864, 5, 1, 1, NULL, NULL),
(865, 5, 1, 1, NULL, NULL),
(866, 5, 1, 1, NULL, NULL),
(867, 5, 1, 1, NULL, NULL),
(868, 5, 1, 1, NULL, NULL),
(869, 5, 1, 1, NULL, NULL),
(870, 5, 1, 1, NULL, NULL),
(871, 5, 1, 1, NULL, NULL),
(872, 5, 1, 1, NULL, NULL),
(873, 5, 1, 1, NULL, NULL),
(874, 5, 1, 1, NULL, NULL),
(875, 5, 1, 1, NULL, NULL),
(876, 5, 1, 1, NULL, NULL),
(877, 5, 1, 1, NULL, NULL),
(878, 5, 1, 1, NULL, NULL),
(879, 5, 1, 1, NULL, NULL),
(880, 5, 1, 1, NULL, NULL),
(881, 5, 1, 1, NULL, NULL),
(882, 5, 1, 1, NULL, NULL),
(883, 5, 1, 1, NULL, NULL),
(884, 5, 1, 1, NULL, NULL),
(885, 5, 1, 1, NULL, NULL),
(886, 5, 1, 1, NULL, NULL),
(887, 5, 1, 1, NULL, NULL),
(888, 5, 1, 1, NULL, NULL),
(889, 5, 1, 1, NULL, NULL),
(890, 5, 1, 1, NULL, NULL),
(891, 5, 1, 1, NULL, NULL),
(892, 5, 1, 1, NULL, NULL),
(893, 5, 1, 1, NULL, NULL),
(894, 5, 1, 1, NULL, NULL),
(895, 5, 1, 1, NULL, NULL),
(896, 5, 1, 1, NULL, NULL),
(897, 5, 1, 1, NULL, NULL),
(898, 5, 1, 1, NULL, NULL),
(899, 5, 1, 1, NULL, NULL),
(900, 5, 1, 1, NULL, NULL),
(901, 6, 1, 1, NULL, NULL),
(902, 6, 1, 1, NULL, NULL),
(903, 6, 1, 1, NULL, NULL),
(904, 6, 1, 1, NULL, NULL),
(905, 6, 1, 1, NULL, NULL),
(906, 6, 1, 1, NULL, NULL),
(907, 6, 1, 1, NULL, NULL),
(908, 6, 1, 1, NULL, NULL),
(909, 6, 1, 1, NULL, NULL),
(910, 6, 1, 1, NULL, NULL),
(911, 6, 1, 1, NULL, NULL),
(912, 6, 1, 1, NULL, NULL),
(913, 6, 1, 1, NULL, NULL),
(914, 6, 1, 1, NULL, NULL),
(915, 6, 1, 1, NULL, NULL),
(916, 6, 1, 1, NULL, NULL),
(917, 6, 1, 1, NULL, NULL),
(918, 6, 1, 1, NULL, NULL),
(919, 6, 1, 1, NULL, NULL),
(920, 6, 1, 1, NULL, NULL),
(921, 6, 1, 1, NULL, NULL),
(922, 6, 1, 1, NULL, NULL),
(923, 6, 1, 1, NULL, NULL),
(924, 6, 1, 1, NULL, NULL),
(925, 6, 1, 1, NULL, NULL),
(926, 6, 1, 1, NULL, NULL),
(927, 6, 1, 1, NULL, NULL),
(928, 6, 1, 1, NULL, NULL),
(929, 6, 1, 1, NULL, NULL),
(930, 6, 1, 1, NULL, NULL),
(931, 6, 1, 1, NULL, NULL),
(932, 6, 1, 1, NULL, NULL),
(933, 6, 1, 1, NULL, NULL),
(934, 6, 1, 1, NULL, NULL),
(935, 6, 1, 1, NULL, NULL),
(936, 6, 1, 1, NULL, NULL),
(937, 6, 1, 1, NULL, NULL),
(938, 6, 1, 1, NULL, NULL),
(939, 6, 1, 1, NULL, NULL),
(940, 6, 1, 1, NULL, NULL),
(941, 6, 1, 1, NULL, NULL),
(942, 6, 1, 1, NULL, NULL),
(943, 6, 1, 1, NULL, NULL),
(944, 6, 1, 1, NULL, NULL),
(945, 6, 1, 1, NULL, NULL),
(946, 6, 1, 1, NULL, NULL),
(947, 6, 1, 1, NULL, NULL),
(948, 6, 1, 1, NULL, NULL),
(949, 6, 1, 1, NULL, NULL),
(950, 6, 1, 1, NULL, NULL),
(951, 6, 1, 1, NULL, NULL),
(952, 6, 1, 1, NULL, NULL),
(953, 6, 1, 1, NULL, NULL),
(954, 6, 1, 1, NULL, NULL),
(955, 6, 1, 1, NULL, NULL),
(956, 6, 1, 1, NULL, NULL),
(957, 6, 1, 1, NULL, NULL),
(958, 6, 1, 1, NULL, NULL),
(959, 6, 1, 1, NULL, NULL),
(960, 6, 1, 1, NULL, NULL),
(961, 6, 1, 1, NULL, NULL),
(962, 6, 1, 1, NULL, NULL),
(963, 6, 1, 1, NULL, NULL),
(964, 6, 1, 1, NULL, NULL),
(965, 6, 1, 1, NULL, NULL),
(966, 6, 1, 1, NULL, NULL),
(967, 6, 1, 1, NULL, NULL),
(968, 6, 1, 1, NULL, NULL),
(969, 6, 1, 1, NULL, NULL),
(970, 6, 1, 1, NULL, NULL),
(971, 6, 1, 1, NULL, NULL),
(972, 6, 1, 1, NULL, NULL),
(973, 6, 1, 1, NULL, NULL),
(974, 6, 1, 1, NULL, NULL),
(975, 6, 1, 1, NULL, NULL),
(976, 6, 1, 1, NULL, NULL),
(977, 6, 1, 1, NULL, NULL),
(978, 6, 1, 1, NULL, NULL),
(979, 6, 1, 1, NULL, NULL),
(980, 6, 1, 1, NULL, NULL),
(981, 6, 1, 1, NULL, NULL),
(982, 6, 1, 1, NULL, NULL),
(983, 6, 1, 1, NULL, NULL),
(984, 6, 1, 1, NULL, NULL),
(985, 6, 1, 1, NULL, NULL),
(986, 6, 1, 1, NULL, NULL),
(987, 6, 1, 1, NULL, NULL),
(988, 6, 1, 1, NULL, NULL),
(989, 6, 1, 1, NULL, NULL),
(990, 6, 1, 1, NULL, NULL),
(991, 6, 1, 1, NULL, NULL),
(992, 6, 1, 1, NULL, NULL),
(993, 6, 1, 1, NULL, NULL),
(994, 6, 1, 1, NULL, NULL),
(995, 6, 1, 1, NULL, NULL),
(996, 6, 1, 1, NULL, NULL),
(997, 6, 1, 1, NULL, NULL),
(998, 6, 1, 1, NULL, NULL),
(999, 6, 1, 1, NULL, NULL),
(1000, 6, 1, 1, NULL, NULL),
(1001, 6, 1, 1, NULL, NULL),
(1002, 6, 1, 1, NULL, NULL),
(1003, 6, 1, 1, NULL, NULL),
(1004, 6, 1, 1, NULL, NULL),
(1005, 6, 1, 1, NULL, NULL),
(1006, 6, 1, 1, NULL, NULL),
(1007, 6, 1, 1, NULL, NULL),
(1008, 6, 1, 1, NULL, NULL),
(1009, 6, 1, 1, NULL, NULL),
(1010, 6, 1, 1, NULL, NULL),
(1011, 6, 1, 1, NULL, NULL),
(1012, 6, 1, 1, NULL, NULL),
(1013, 6, 1, 1, NULL, NULL),
(1014, 6, 1, 1, NULL, NULL),
(1015, 6, 1, 1, NULL, NULL),
(1016, 6, 1, 1, NULL, NULL),
(1017, 6, 1, 1, NULL, NULL),
(1018, 6, 1, 1, NULL, NULL),
(1019, 6, 1, 1, NULL, NULL),
(1020, 6, 1, 1, NULL, NULL),
(1021, 6, 1, 1, NULL, NULL),
(1022, 6, 1, 1, NULL, NULL),
(1023, 6, 1, 1, NULL, NULL),
(1024, 6, 1, 1, NULL, NULL),
(1025, 6, 1, 1, NULL, NULL),
(1026, 6, 1, 1, NULL, NULL),
(1027, 6, 1, 1, NULL, NULL),
(1028, 6, 1, 1, NULL, NULL),
(1029, 6, 1, 1, NULL, NULL),
(1030, 6, 1, 1, NULL, NULL),
(1031, 6, 1, 1, NULL, NULL),
(1032, 6, 1, 1, NULL, NULL),
(1033, 6, 1, 1, NULL, NULL),
(1034, 6, 1, 1, NULL, NULL),
(1035, 6, 1, 1, NULL, NULL),
(1036, 6, 1, 1, NULL, NULL),
(1037, 6, 1, 1, NULL, NULL),
(1038, 6, 1, 1, NULL, NULL),
(1039, 6, 1, 1, NULL, NULL),
(1040, 6, 1, 1, NULL, NULL),
(1041, 6, 1, 1, NULL, NULL),
(1042, 6, 1, 1, NULL, NULL),
(1043, 6, 1, 1, NULL, NULL),
(1044, 6, 1, 1, NULL, NULL),
(1045, 6, 1, 1, NULL, NULL),
(1046, 6, 1, 1, NULL, NULL),
(1047, 6, 1, 1, NULL, NULL),
(1048, 6, 1, 1, NULL, NULL),
(1049, 6, 1, 1, NULL, NULL),
(1050, 6, 1, 1, NULL, NULL),
(1051, 6, 1, 1, NULL, NULL),
(1052, 6, 1, 1, NULL, NULL),
(1053, 6, 1, 1, NULL, NULL),
(1054, 6, 1, 1, NULL, NULL),
(1055, 6, 1, 1, NULL, NULL),
(1056, 6, 1, 1, NULL, NULL),
(1057, 6, 1, 1, NULL, NULL),
(1058, 6, 1, 1, NULL, NULL),
(1059, 6, 1, 1, NULL, NULL),
(1060, 6, 1, 1, NULL, NULL),
(1061, 6, 1, 1, NULL, NULL),
(1062, 6, 1, 1, NULL, NULL),
(1063, 6, 1, 1, NULL, NULL),
(1064, 6, 1, 1, NULL, NULL),
(1065, 6, 1, 1, NULL, NULL),
(1066, 6, 1, 1, NULL, NULL),
(1067, 6, 1, 1, NULL, NULL),
(1068, 6, 1, 1, NULL, NULL),
(1069, 6, 1, 1, NULL, NULL),
(1070, 6, 1, 1, NULL, NULL),
(1071, 6, 1, 1, NULL, NULL),
(1072, 6, 1, 1, NULL, NULL),
(1073, 6, 1, 1, NULL, NULL),
(1074, 6, 1, 1, NULL, NULL),
(1075, 6, 1, 1, NULL, NULL),
(1076, 6, 1, 1, NULL, NULL),
(1077, 6, 1, 1, NULL, NULL),
(1078, 6, 1, 1, NULL, NULL),
(1079, 6, 1, 1, NULL, NULL),
(1080, 6, 1, 1, NULL, NULL),
(1081, 6, 1, 1, NULL, NULL),
(1082, 6, 1, 1, NULL, NULL),
(1083, 6, 1, 1, NULL, NULL),
(1084, 6, 1, 1, NULL, NULL),
(1085, 6, 1, 1, NULL, NULL),
(1086, 6, 1, 1, NULL, NULL),
(1087, 6, 1, 1, NULL, NULL),
(1088, 6, 1, 1, NULL, NULL),
(1089, 6, 1, 1, NULL, NULL),
(1090, 6, 1, 1, NULL, NULL),
(1091, 6, 1, 1, NULL, NULL),
(1092, 6, 1, 1, NULL, NULL),
(1093, 6, 1, 1, NULL, NULL),
(1094, 6, 1, 1, NULL, NULL),
(1095, 6, 1, 1, NULL, NULL),
(1096, 6, 1, 1, NULL, NULL),
(1097, 6, 1, 1, NULL, NULL),
(1098, 6, 1, 1, NULL, NULL),
(1099, 6, 1, 1, NULL, NULL),
(1100, 6, 1, 1, NULL, NULL),
(1101, 6, 1, 1, NULL, NULL),
(1102, 6, 1, 1, NULL, NULL),
(1103, 6, 1, 1, NULL, NULL),
(1104, 6, 1, 1, NULL, NULL),
(1105, 6, 1, 1, NULL, NULL),
(1106, 6, 1, 1, NULL, NULL),
(1107, 6, 1, 1, NULL, NULL),
(1108, 6, 1, 1, NULL, NULL),
(1109, 6, 1, 1, NULL, NULL),
(1110, 6, 1, 1, NULL, NULL),
(1111, 6, 1, 1, NULL, NULL),
(1112, 6, 1, 1, NULL, NULL),
(1113, 6, 1, 1, NULL, NULL),
(1114, 6, 1, 1, NULL, NULL),
(1115, 6, 1, 1, NULL, NULL),
(1116, 6, 1, 1, NULL, NULL),
(1117, 6, 1, 1, NULL, NULL),
(1118, 6, 1, 1, NULL, NULL),
(1119, 6, 1, 1, NULL, NULL),
(1120, 6, 1, 1, NULL, NULL),
(1121, 6, 1, 1, NULL, NULL),
(1122, 6, 1, 1, NULL, NULL),
(1123, 6, 1, 1, NULL, NULL),
(1124, 6, 1, 1, NULL, NULL),
(1125, 6, 1, 1, NULL, NULL),
(1126, 6, 1, 1, NULL, NULL),
(1127, 6, 1, 1, NULL, NULL),
(1128, 6, 1, 1, NULL, NULL),
(1129, 6, 1, 1, NULL, NULL),
(1130, 6, 1, 1, NULL, NULL),
(1131, 6, 1, 1, NULL, NULL),
(1132, 6, 1, 1, NULL, NULL),
(1133, 6, 1, 1, NULL, NULL),
(1134, 6, 1, 1, NULL, NULL),
(1135, 6, 1, 1, NULL, NULL),
(1136, 6, 1, 1, NULL, NULL),
(1137, 6, 1, 1, NULL, NULL),
(1138, 6, 1, 1, NULL, NULL),
(1139, 6, 1, 1, NULL, NULL),
(1140, 6, 1, 1, NULL, NULL),
(1141, 6, 1, 1, NULL, NULL),
(1142, 6, 1, 1, NULL, NULL),
(1143, 6, 1, 1, NULL, NULL),
(1144, 6, 1, 1, NULL, NULL),
(1145, 6, 1, 1, NULL, NULL),
(1146, 6, 1, 1, NULL, NULL),
(1147, 6, 1, 1, NULL, NULL),
(1148, 6, 1, 1, NULL, NULL),
(1149, 6, 1, 1, NULL, NULL),
(1150, 6, 1, 1, NULL, NULL),
(1151, 6, 1, 1, NULL, NULL),
(1152, 6, 1, 1, NULL, NULL),
(1153, 6, 1, 1, NULL, NULL),
(1154, 6, 1, 1, NULL, NULL),
(1155, 6, 1, 1, NULL, NULL),
(1156, 6, 1, 1, NULL, NULL),
(1157, 6, 1, 1, NULL, NULL),
(1158, 6, 1, 1, NULL, NULL),
(1159, 6, 1, 1, NULL, NULL),
(1160, 6, 1, 1, NULL, NULL),
(1161, 6, 1, 1, NULL, NULL),
(1162, 6, 1, 1, NULL, NULL),
(1163, 6, 1, 1, NULL, NULL),
(1164, 6, 1, 1, NULL, NULL),
(1165, 6, 1, 1, NULL, NULL),
(1166, 6, 1, 1, NULL, NULL),
(1167, 6, 1, 1, NULL, NULL),
(1168, 6, 1, 1, NULL, NULL),
(1169, 6, 1, 1, NULL, NULL),
(1170, 6, 1, 1, NULL, NULL),
(1171, 6, 1, 1, NULL, NULL),
(1172, 6, 1, 1, NULL, NULL),
(1173, 6, 1, 1, NULL, NULL),
(1174, 6, 1, 1, NULL, NULL),
(1175, 6, 1, 1, NULL, NULL),
(1176, 6, 1, 1, NULL, NULL),
(1177, 6, 1, 1, NULL, NULL),
(1178, 6, 1, 1, NULL, NULL),
(1179, 6, 1, 1, NULL, NULL),
(1180, 6, 1, 1, NULL, NULL),
(1181, 6, 1, 1, NULL, NULL),
(1182, 6, 1, 1, NULL, NULL),
(1183, 6, 1, 1, NULL, NULL),
(1184, 6, 1, 1, NULL, NULL),
(1185, 6, 1, 1, NULL, NULL),
(1186, 6, 1, 1, NULL, NULL),
(1187, 6, 1, 1, NULL, NULL),
(1188, 6, 1, 1, NULL, NULL),
(1189, 6, 1, 1, NULL, NULL),
(1190, 6, 1, 1, NULL, NULL),
(1191, 6, 1, 1, NULL, NULL),
(1192, 6, 1, 1, NULL, NULL),
(1193, 6, 1, 1, NULL, NULL),
(1194, 6, 1, 1, NULL, NULL),
(1195, 6, 1, 1, NULL, NULL),
(1196, 6, 1, 1, NULL, NULL),
(1197, 6, 1, 1, NULL, NULL),
(1198, 6, 1, 1, NULL, NULL),
(1199, 6, 1, 1, NULL, NULL),
(1200, 6, 1, 1, NULL, NULL),
(1201, 7, 1, 1, NULL, NULL),
(1202, 7, 1, 1, NULL, NULL),
(1203, 7, 1, 1, NULL, NULL),
(1204, 7, 1, 1, NULL, NULL),
(1205, 7, 1, 1, NULL, NULL),
(1206, 7, 1, 1, NULL, NULL),
(1207, 7, 1, 1, NULL, NULL),
(1208, 7, 1, 1, NULL, NULL),
(1209, 7, 1, 1, NULL, NULL),
(1210, 7, 1, 1, NULL, NULL),
(1211, 7, 1, 1, NULL, NULL),
(1212, 7, 1, 1, NULL, NULL),
(1213, 7, 1, 1, NULL, NULL),
(1214, 7, 1, 1, NULL, NULL),
(1215, 7, 1, 1, NULL, NULL),
(1216, 7, 1, 1, NULL, NULL),
(1217, 7, 1, 1, NULL, NULL),
(1218, 7, 1, 1, NULL, NULL),
(1219, 7, 1, 1, NULL, NULL),
(1220, 7, 1, 1, NULL, NULL),
(1221, 7, 1, 1, NULL, NULL),
(1222, 7, 1, 1, NULL, NULL),
(1223, 7, 1, 1, NULL, NULL),
(1224, 7, 1, 1, NULL, NULL),
(1225, 7, 1, 1, NULL, NULL),
(1226, 7, 1, 1, NULL, NULL),
(1227, 7, 1, 1, NULL, NULL),
(1228, 7, 1, 1, NULL, NULL),
(1229, 7, 1, 1, NULL, NULL),
(1230, 7, 1, 1, NULL, NULL),
(1231, 7, 1, 1, NULL, NULL),
(1232, 7, 1, 1, NULL, NULL),
(1233, 7, 1, 1, NULL, NULL),
(1234, 7, 1, 1, NULL, NULL),
(1235, 7, 1, 1, NULL, NULL),
(1236, 7, 1, 1, NULL, NULL),
(1237, 7, 1, 1, NULL, NULL),
(1238, 7, 1, 1, NULL, NULL),
(1239, 7, 1, 1, NULL, NULL),
(1240, 7, 1, 1, NULL, NULL),
(1241, 7, 1, 1, NULL, NULL),
(1242, 7, 1, 1, NULL, NULL),
(1243, 7, 1, 1, NULL, NULL),
(1244, 7, 1, 1, NULL, NULL),
(1245, 7, 1, 1, NULL, NULL),
(1246, 7, 1, 1, NULL, NULL),
(1247, 7, 1, 1, NULL, NULL),
(1248, 7, 1, 1, NULL, NULL),
(1249, 7, 1, 1, NULL, NULL),
(1250, 7, 1, 1, NULL, NULL),
(1251, 7, 1, 1, NULL, NULL),
(1252, 7, 1, 1, NULL, NULL),
(1253, 7, 1, 1, NULL, NULL),
(1254, 7, 1, 1, NULL, NULL),
(1255, 7, 1, 1, NULL, NULL),
(1256, 7, 1, 1, NULL, NULL),
(1257, 7, 1, 1, NULL, NULL),
(1258, 7, 1, 1, NULL, NULL),
(1259, 7, 1, 1, NULL, NULL),
(1260, 7, 1, 1, NULL, NULL),
(1261, 7, 1, 1, NULL, NULL),
(1262, 7, 1, 1, NULL, NULL),
(1263, 7, 1, 1, NULL, NULL),
(1264, 7, 1, 1, NULL, NULL),
(1265, 7, 1, 1, NULL, NULL),
(1266, 7, 1, 1, NULL, NULL),
(1267, 7, 1, 1, NULL, NULL),
(1268, 7, 1, 1, NULL, NULL),
(1269, 7, 1, 1, NULL, NULL),
(1270, 7, 1, 1, NULL, NULL),
(1271, 7, 1, 1, NULL, NULL),
(1272, 7, 1, 1, NULL, NULL),
(1273, 7, 1, 1, NULL, NULL),
(1274, 7, 1, 1, NULL, NULL),
(1275, 7, 1, 1, NULL, NULL),
(1276, 7, 1, 1, NULL, NULL),
(1277, 7, 1, 1, NULL, NULL),
(1278, 7, 1, 1, NULL, NULL),
(1279, 7, 1, 1, NULL, NULL),
(1280, 7, 1, 1, NULL, NULL),
(1281, 7, 1, 1, NULL, NULL),
(1282, 7, 1, 1, NULL, NULL),
(1283, 7, 1, 1, NULL, NULL),
(1284, 7, 1, 1, NULL, NULL),
(1285, 7, 1, 1, NULL, NULL),
(1286, 7, 1, 1, NULL, NULL),
(1287, 7, 1, 1, NULL, NULL),
(1288, 7, 1, 1, NULL, NULL),
(1289, 7, 1, 1, NULL, NULL),
(1290, 7, 1, 1, NULL, NULL),
(1291, 7, 1, 1, NULL, NULL),
(1292, 7, 1, 1, NULL, NULL),
(1293, 7, 1, 1, NULL, NULL),
(1294, 7, 1, 1, NULL, NULL),
(1295, 7, 1, 1, NULL, NULL),
(1296, 7, 1, 1, NULL, NULL),
(1297, 7, 1, 1, NULL, NULL),
(1298, 7, 1, 1, NULL, NULL),
(1299, 7, 1, 1, NULL, NULL),
(1300, 7, 1, 1, NULL, NULL),
(1301, 7, 1, 1, NULL, NULL),
(1302, 7, 1, 1, NULL, NULL),
(1303, 7, 1, 1, NULL, NULL),
(1304, 7, 1, 1, NULL, NULL),
(1305, 7, 1, 1, NULL, NULL),
(1306, 7, 1, 1, NULL, NULL),
(1307, 7, 1, 1, NULL, NULL),
(1308, 7, 1, 1, NULL, NULL),
(1309, 7, 1, 1, NULL, NULL),
(1310, 7, 1, 1, NULL, NULL),
(1311, 7, 1, 1, NULL, NULL),
(1312, 7, 1, 1, NULL, NULL),
(1313, 7, 1, 1, NULL, NULL),
(1314, 7, 1, 1, NULL, NULL),
(1315, 7, 1, 1, NULL, NULL),
(1316, 7, 1, 1, NULL, NULL),
(1317, 7, 1, 1, NULL, NULL),
(1318, 7, 1, 1, NULL, NULL),
(1319, 7, 1, 1, NULL, NULL),
(1320, 7, 1, 1, NULL, NULL),
(1321, 7, 1, 1, NULL, NULL),
(1322, 7, 1, 1, NULL, NULL),
(1323, 7, 1, 1, NULL, NULL),
(1324, 7, 1, 1, NULL, NULL),
(1325, 7, 1, 1, NULL, NULL),
(1326, 7, 1, 1, NULL, NULL),
(1327, 7, 1, 1, NULL, NULL),
(1328, 7, 1, 1, NULL, NULL),
(1329, 7, 1, 1, NULL, NULL),
(1330, 7, 1, 1, NULL, NULL),
(1331, 7, 1, 1, NULL, NULL),
(1332, 7, 1, 1, NULL, NULL),
(1333, 7, 1, 1, NULL, NULL),
(1334, 7, 1, 1, NULL, NULL),
(1335, 7, 1, 1, NULL, NULL),
(1336, 7, 1, 1, NULL, NULL),
(1337, 7, 1, 1, NULL, NULL),
(1338, 7, 1, 1, NULL, NULL),
(1339, 7, 1, 1, NULL, NULL),
(1340, 7, 1, 1, NULL, NULL),
(1341, 7, 1, 1, NULL, NULL),
(1342, 7, 1, 1, NULL, NULL),
(1343, 7, 1, 1, NULL, NULL),
(1344, 7, 1, 1, NULL, NULL),
(1345, 7, 1, 1, NULL, NULL),
(1346, 7, 1, 1, NULL, NULL),
(1347, 7, 1, 1, NULL, NULL),
(1348, 7, 1, 1, NULL, NULL),
(1349, 7, 1, 1, NULL, NULL),
(1350, 7, 1, 1, NULL, NULL),
(1351, 7, 1, 1, NULL, NULL),
(1352, 7, 1, 1, NULL, NULL),
(1353, 7, 1, 1, NULL, NULL),
(1354, 7, 1, 1, NULL, NULL),
(1355, 7, 1, 1, NULL, NULL),
(1356, 7, 1, 1, NULL, NULL),
(1357, 7, 1, 1, NULL, NULL),
(1358, 7, 1, 1, NULL, NULL),
(1359, 7, 1, 1, NULL, NULL),
(1360, 7, 1, 1, NULL, NULL),
(1361, 7, 1, 1, NULL, NULL),
(1362, 7, 1, 1, NULL, NULL),
(1363, 7, 1, 1, NULL, NULL),
(1364, 7, 1, 1, NULL, NULL),
(1365, 7, 1, 1, NULL, NULL),
(1366, 7, 1, 1, NULL, NULL),
(1367, 7, 1, 1, NULL, NULL),
(1368, 7, 1, 1, NULL, NULL),
(1369, 7, 1, 1, NULL, NULL),
(1370, 7, 1, 1, NULL, NULL),
(1371, 7, 1, 1, NULL, NULL),
(1372, 7, 1, 1, NULL, NULL),
(1373, 7, 1, 1, NULL, NULL),
(1374, 7, 1, 1, NULL, NULL),
(1375, 7, 1, 1, NULL, NULL),
(1376, 7, 1, 1, NULL, NULL),
(1377, 7, 1, 1, NULL, NULL),
(1378, 7, 1, 1, NULL, NULL),
(1379, 7, 1, 1, NULL, NULL),
(1380, 7, 1, 1, NULL, NULL),
(1381, 7, 1, 1, NULL, NULL),
(1382, 7, 1, 1, NULL, NULL),
(1383, 7, 1, 1, NULL, NULL),
(1384, 7, 1, 1, NULL, NULL),
(1385, 7, 1, 1, NULL, NULL),
(1386, 7, 1, 1, NULL, NULL),
(1387, 7, 1, 1, NULL, NULL),
(1388, 7, 1, 1, NULL, NULL),
(1389, 7, 1, 1, NULL, NULL),
(1390, 7, 1, 1, NULL, NULL),
(1391, 7, 1, 1, NULL, NULL),
(1392, 7, 1, 1, NULL, NULL),
(1393, 7, 1, 1, NULL, NULL),
(1394, 7, 1, 1, NULL, NULL),
(1395, 7, 1, 1, NULL, NULL),
(1396, 7, 1, 1, NULL, NULL),
(1397, 7, 1, 1, NULL, NULL),
(1398, 7, 1, 1, NULL, NULL),
(1399, 7, 1, 1, NULL, NULL),
(1400, 7, 1, 1, NULL, NULL),
(1401, 7, 1, 1, NULL, NULL),
(1402, 7, 1, 1, NULL, NULL),
(1403, 7, 1, 1, NULL, NULL),
(1404, 7, 1, 1, NULL, NULL),
(1405, 7, 1, 1, NULL, NULL),
(1406, 7, 1, 1, NULL, NULL),
(1407, 7, 1, 1, NULL, NULL),
(1408, 7, 1, 1, NULL, NULL),
(1409, 7, 1, 1, NULL, NULL),
(1410, 7, 1, 1, NULL, NULL),
(1411, 7, 1, 1, NULL, NULL),
(1412, 7, 1, 1, NULL, NULL),
(1413, 7, 1, 1, NULL, NULL),
(1414, 7, 1, 1, NULL, NULL),
(1415, 7, 1, 1, NULL, NULL),
(1416, 7, 1, 1, NULL, NULL),
(1417, 7, 1, 1, NULL, NULL),
(1418, 7, 1, 1, NULL, NULL),
(1419, 7, 1, 1, NULL, NULL),
(1420, 7, 1, 1, NULL, NULL),
(1421, 7, 1, 1, NULL, NULL),
(1422, 7, 1, 1, NULL, NULL),
(1423, 7, 1, 1, NULL, NULL),
(1424, 7, 1, 1, NULL, NULL),
(1425, 7, 1, 1, NULL, NULL),
(1426, 7, 1, 1, NULL, NULL),
(1427, 7, 1, 1, NULL, NULL),
(1428, 7, 1, 1, NULL, NULL),
(1429, 7, 1, 1, NULL, NULL),
(1430, 7, 1, 1, NULL, NULL),
(1431, 7, 1, 1, NULL, NULL),
(1432, 7, 1, 1, NULL, NULL),
(1433, 7, 1, 1, NULL, NULL),
(1434, 7, 1, 1, NULL, NULL),
(1435, 7, 1, 1, NULL, NULL),
(1436, 7, 1, 1, NULL, NULL),
(1437, 7, 1, 1, NULL, NULL),
(1438, 7, 1, 1, NULL, NULL),
(1439, 7, 1, 1, NULL, NULL),
(1440, 7, 1, 1, NULL, NULL),
(1441, 7, 1, 1, NULL, NULL),
(1442, 7, 1, 1, NULL, NULL),
(1443, 7, 1, 1, NULL, NULL),
(1444, 7, 1, 1, NULL, NULL),
(1445, 7, 1, 1, NULL, NULL),
(1446, 7, 1, 1, NULL, NULL),
(1447, 7, 1, 1, NULL, NULL),
(1448, 7, 1, 1, NULL, NULL),
(1449, 7, 1, 1, NULL, NULL),
(1450, 7, 1, 1, NULL, NULL),
(1451, 7, 1, 1, NULL, NULL),
(1452, 7, 1, 1, NULL, NULL),
(1453, 7, 1, 1, NULL, NULL),
(1454, 7, 1, 1, NULL, NULL),
(1455, 7, 1, 1, NULL, NULL),
(1456, 7, 1, 1, NULL, NULL),
(1457, 7, 1, 1, NULL, NULL),
(1458, 7, 1, 1, NULL, NULL),
(1459, 7, 1, 1, NULL, NULL),
(1460, 7, 1, 1, NULL, NULL),
(1461, 7, 1, 1, NULL, NULL),
(1462, 7, 1, 1, NULL, NULL),
(1463, 7, 1, 1, NULL, NULL),
(1464, 7, 1, 1, NULL, NULL),
(1465, 7, 1, 1, NULL, NULL),
(1466, 7, 1, 1, NULL, NULL),
(1467, 7, 1, 1, NULL, NULL),
(1468, 7, 1, 1, NULL, NULL),
(1469, 7, 1, 1, NULL, NULL),
(1470, 7, 1, 1, NULL, NULL),
(1471, 7, 1, 1, NULL, NULL),
(1472, 7, 1, 1, NULL, NULL),
(1473, 7, 1, 1, NULL, NULL),
(1474, 7, 1, 1, NULL, NULL),
(1475, 7, 1, 1, NULL, NULL),
(1476, 7, 1, 1, NULL, NULL),
(1477, 7, 1, 1, NULL, NULL),
(1478, 7, 1, 1, NULL, NULL),
(1479, 7, 1, 1, NULL, NULL),
(1480, 7, 1, 1, NULL, NULL),
(1481, 7, 1, 1, NULL, NULL),
(1482, 7, 1, 1, NULL, NULL),
(1483, 7, 1, 1, NULL, NULL),
(1484, 7, 1, 1, NULL, NULL),
(1485, 7, 1, 1, NULL, NULL),
(1486, 7, 1, 1, NULL, NULL),
(1487, 7, 1, 1, NULL, NULL),
(1488, 7, 1, 1, NULL, NULL),
(1489, 7, 1, 1, NULL, NULL),
(1490, 7, 1, 1, NULL, NULL),
(1491, 7, 1, 1, NULL, NULL),
(1492, 7, 1, 1, NULL, NULL),
(1493, 7, 1, 1, NULL, NULL),
(1494, 7, 1, 1, NULL, NULL),
(1495, 7, 1, 1, NULL, NULL),
(1496, 7, 1, 1, NULL, NULL),
(1497, 7, 1, 1, NULL, NULL),
(1498, 7, 1, 1, NULL, NULL),
(1499, 7, 1, 1, NULL, NULL),
(1500, 7, 1, 1, NULL, NULL),
(1501, 7, 1, 1, NULL, NULL),
(1502, 7, 1, 1, NULL, NULL),
(1503, 7, 1, 1, NULL, NULL),
(1504, 7, 1, 1, NULL, NULL),
(1505, 7, 1, 1, NULL, NULL),
(1506, 7, 1, 1, NULL, NULL),
(1507, 7, 1, 1, NULL, NULL),
(1508, 7, 1, 1, NULL, NULL),
(1509, 7, 1, 1, NULL, NULL),
(1510, 7, 1, 1, NULL, NULL),
(1511, 7, 1, 1, NULL, NULL),
(1512, 7, 1, 1, NULL, NULL),
(1513, 7, 1, 1, NULL, NULL),
(1514, 7, 1, 1, NULL, NULL),
(1515, 7, 1, 1, NULL, NULL),
(1516, 7, 1, 1, NULL, NULL),
(1517, 7, 1, 1, NULL, NULL),
(1518, 7, 1, 1, NULL, NULL),
(1519, 7, 1, 1, NULL, NULL),
(1520, 7, 1, 1, NULL, NULL),
(1521, 7, 1, 1, NULL, NULL),
(1522, 7, 1, 1, NULL, NULL),
(1523, 7, 1, 1, NULL, NULL),
(1524, 7, 1, 1, NULL, NULL),
(1525, 7, 1, 1, NULL, NULL),
(1526, 7, 1, 1, NULL, NULL),
(1527, 7, 1, 1, NULL, NULL),
(1528, 7, 1, 1, NULL, NULL),
(1529, 7, 1, 1, NULL, NULL),
(1530, 7, 1, 1, NULL, NULL),
(1531, 7, 1, 1, NULL, NULL),
(1532, 7, 1, 1, NULL, NULL),
(1533, 7, 1, 1, NULL, NULL),
(1534, 7, 1, 1, NULL, NULL),
(1535, 7, 1, 1, NULL, NULL),
(1536, 7, 1, 1, NULL, NULL),
(1537, 7, 1, 1, NULL, NULL),
(1538, 7, 1, 1, NULL, NULL),
(1539, 7, 1, 1, NULL, NULL),
(1540, 7, 1, 1, NULL, NULL),
(1541, 7, 1, 1, NULL, NULL),
(1542, 7, 1, 1, NULL, NULL),
(1543, 7, 1, 1, NULL, NULL),
(1544, 7, 1, 1, NULL, NULL),
(1545, 7, 1, 1, NULL, NULL),
(1546, 7, 1, 1, NULL, NULL),
(1547, 7, 1, 1, NULL, NULL),
(1548, 7, 1, 1, NULL, NULL),
(1549, 7, 1, 1, NULL, NULL),
(1550, 7, 1, 1, NULL, NULL),
(1551, 7, 1, 1, NULL, NULL),
(1552, 7, 1, 1, NULL, NULL),
(1553, 7, 1, 1, NULL, NULL),
(1554, 7, 1, 1, NULL, NULL),
(1555, 7, 1, 1, NULL, NULL),
(1556, 7, 1, 1, NULL, NULL),
(1557, 7, 1, 1, NULL, NULL),
(1558, 7, 1, 1, NULL, NULL),
(1559, 7, 1, 1, NULL, NULL),
(1560, 7, 1, 1, NULL, NULL),
(1561, 7, 1, 1, NULL, NULL),
(1562, 7, 1, 1, NULL, NULL),
(1563, 7, 1, 1, NULL, NULL),
(1564, 7, 1, 1, NULL, NULL),
(1565, 7, 1, 1, NULL, NULL),
(1566, 7, 1, 1, NULL, NULL),
(1567, 7, 1, 1, NULL, NULL),
(1568, 7, 1, 1, NULL, NULL),
(1569, 7, 1, 1, NULL, NULL),
(1570, 7, 1, 1, NULL, NULL),
(1571, 7, 1, 1, NULL, NULL),
(1572, 7, 1, 1, NULL, NULL),
(1573, 7, 1, 1, NULL, NULL),
(1574, 7, 1, 1, NULL, NULL),
(1575, 7, 1, 1, NULL, NULL),
(1576, 7, 1, 1, NULL, NULL),
(1577, 7, 1, 1, NULL, NULL),
(1578, 7, 1, 1, NULL, NULL),
(1579, 7, 1, 1, NULL, NULL),
(1580, 7, 1, 1, NULL, NULL),
(1581, 7, 1, 1, NULL, NULL),
(1582, 7, 1, 1, NULL, NULL),
(1583, 7, 1, 1, NULL, NULL),
(1584, 7, 1, 1, NULL, NULL),
(1585, 7, 1, 1, NULL, NULL),
(1586, 7, 1, 1, NULL, NULL),
(1587, 7, 1, 1, NULL, NULL),
(1588, 7, 1, 1, NULL, NULL),
(1589, 7, 1, 1, NULL, NULL),
(1590, 7, 1, 1, NULL, NULL),
(1591, 7, 1, 1, NULL, NULL),
(1592, 7, 1, 1, NULL, NULL),
(1593, 7, 1, 1, NULL, NULL),
(1594, 7, 1, 1, NULL, NULL),
(1595, 7, 1, 1, NULL, NULL),
(1596, 7, 1, 1, NULL, NULL),
(1597, 7, 1, 1, NULL, NULL),
(1598, 7, 1, 1, NULL, NULL),
(1599, 7, 1, 1, NULL, NULL),
(1600, 7, 1, 1, NULL, NULL),
(1601, 8, 1, 1, NULL, NULL),
(1602, 8, 1, 1, NULL, NULL),
(1603, 8, 1, 1, NULL, NULL),
(1604, 8, 1, 1, NULL, NULL),
(1605, 8, 1, 1, NULL, NULL),
(1606, 8, 1, 1, NULL, NULL),
(1607, 8, 1, 1, NULL, NULL),
(1608, 8, 1, 1, NULL, NULL),
(1609, 8, 1, 1, NULL, NULL),
(1610, 8, 1, 1, NULL, NULL),
(1611, 8, 1, 1, NULL, NULL),
(1612, 8, 1, 1, NULL, NULL),
(1613, 8, 1, 1, NULL, NULL),
(1614, 8, 1, 1, NULL, NULL),
(1615, 8, 1, 1, NULL, NULL),
(1616, 8, 1, 1, NULL, NULL),
(1617, 8, 1, 1, NULL, NULL),
(1618, 8, 1, 1, NULL, NULL),
(1619, 8, 1, 1, NULL, NULL),
(1620, 8, 1, 1, NULL, NULL),
(1621, 8, 1, 1, NULL, NULL),
(1622, 8, 1, 1, NULL, NULL),
(1623, 8, 1, 1, NULL, NULL),
(1624, 8, 1, 1, NULL, NULL),
(1625, 8, 1, 1, NULL, NULL),
(1626, 8, 1, 1, NULL, NULL),
(1627, 8, 1, 1, NULL, NULL),
(1628, 8, 1, 1, NULL, NULL),
(1629, 8, 1, 1, NULL, NULL),
(1630, 8, 1, 1, NULL, NULL),
(1631, 8, 1, 1, NULL, NULL),
(1632, 8, 1, 1, NULL, NULL),
(1633, 8, 1, 1, NULL, NULL),
(1634, 8, 1, 1, NULL, NULL),
(1635, 8, 1, 1, NULL, NULL),
(1636, 8, 1, 1, NULL, NULL),
(1637, 8, 1, 1, NULL, NULL),
(1638, 8, 1, 1, NULL, NULL),
(1639, 8, 1, 1, NULL, NULL),
(1640, 8, 1, 1, NULL, NULL),
(1641, 8, 1, 1, NULL, NULL),
(1642, 8, 1, 1, NULL, NULL),
(1643, 8, 1, 1, NULL, NULL),
(1644, 8, 1, 1, NULL, NULL),
(1645, 8, 1, 1, NULL, NULL),
(1646, 8, 1, 1, NULL, NULL),
(1647, 8, 1, 1, NULL, NULL),
(1648, 8, 1, 1, NULL, NULL),
(1649, 8, 1, 1, NULL, NULL),
(1650, 8, 1, 1, NULL, NULL),
(1651, 8, 1, 1, NULL, NULL),
(1652, 8, 1, 1, NULL, NULL),
(1653, 8, 1, 1, NULL, NULL),
(1654, 8, 1, 1, NULL, NULL),
(1655, 8, 1, 1, NULL, NULL),
(1656, 8, 1, 1, NULL, NULL),
(1657, 8, 1, 1, NULL, NULL),
(1658, 8, 1, 1, NULL, NULL),
(1659, 8, 1, 1, NULL, NULL),
(1660, 8, 1, 1, NULL, NULL),
(1661, 8, 1, 1, NULL, NULL),
(1662, 8, 1, 1, NULL, NULL),
(1663, 8, 1, 1, NULL, NULL),
(1664, 8, 1, 1, NULL, NULL),
(1665, 8, 1, 1, NULL, NULL),
(1666, 8, 1, 1, NULL, NULL),
(1667, 8, 1, 1, NULL, NULL),
(1668, 8, 1, 1, NULL, NULL),
(1669, 8, 1, 1, NULL, NULL),
(1670, 8, 1, 1, NULL, NULL),
(1671, 8, 1, 1, NULL, NULL),
(1672, 8, 1, 1, NULL, NULL),
(1673, 8, 1, 1, NULL, NULL),
(1674, 8, 1, 1, NULL, NULL),
(1675, 8, 1, 1, NULL, NULL),
(1676, 8, 1, 1, NULL, NULL),
(1677, 8, 1, 1, NULL, NULL),
(1678, 8, 1, 1, NULL, NULL),
(1679, 8, 1, 1, NULL, NULL),
(1680, 8, 1, 1, NULL, NULL),
(1681, 8, 1, 1, NULL, NULL),
(1682, 8, 1, 1, NULL, NULL),
(1683, 8, 1, 1, NULL, NULL),
(1684, 8, 1, 1, NULL, NULL),
(1685, 8, 1, 1, NULL, NULL),
(1686, 8, 1, 1, NULL, NULL),
(1687, 8, 1, 1, NULL, NULL),
(1688, 8, 1, 1, NULL, NULL),
(1689, 8, 1, 1, NULL, NULL),
(1690, 8, 1, 1, NULL, NULL),
(1691, 8, 1, 1, NULL, NULL),
(1692, 8, 1, 1, NULL, NULL),
(1693, 8, 1, 1, NULL, NULL),
(1694, 8, 1, 1, NULL, NULL),
(1695, 8, 1, 1, NULL, NULL),
(1696, 8, 1, 1, NULL, NULL),
(1697, 8, 1, 1, NULL, NULL),
(1698, 8, 1, 1, NULL, NULL),
(1699, 8, 1, 1, NULL, NULL),
(1700, 8, 1, 1, NULL, NULL),
(1701, 8, 1, 1, NULL, NULL),
(1702, 8, 1, 1, NULL, NULL),
(1703, 8, 1, 1, NULL, NULL),
(1704, 8, 1, 1, NULL, NULL),
(1705, 8, 1, 1, NULL, NULL),
(1706, 8, 1, 1, NULL, NULL),
(1707, 8, 1, 1, NULL, NULL),
(1708, 8, 1, 1, NULL, NULL),
(1709, 8, 1, 1, NULL, NULL),
(1710, 8, 1, 1, NULL, NULL),
(1711, 8, 1, 1, NULL, NULL),
(1712, 8, 1, 1, NULL, NULL),
(1713, 8, 1, 1, NULL, NULL),
(1714, 8, 1, 1, NULL, NULL),
(1715, 8, 1, 1, NULL, NULL),
(1716, 8, 1, 1, NULL, NULL),
(1717, 8, 1, 1, NULL, NULL),
(1718, 8, 1, 1, NULL, NULL),
(1719, 8, 1, 1, NULL, NULL),
(1720, 8, 1, 1, NULL, NULL),
(1721, 8, 1, 1, NULL, NULL),
(1722, 8, 1, 1, NULL, NULL),
(1723, 8, 1, 1, NULL, NULL),
(1724, 8, 1, 1, NULL, NULL),
(1725, 8, 1, 1, NULL, NULL),
(1726, 8, 1, 1, NULL, NULL),
(1727, 8, 1, 1, NULL, NULL),
(1728, 8, 1, 1, NULL, NULL),
(1729, 8, 1, 1, NULL, NULL),
(1730, 8, 1, 1, NULL, NULL),
(1731, 8, 1, 1, NULL, NULL),
(1732, 8, 1, 1, NULL, NULL),
(1733, 8, 1, 1, NULL, NULL),
(1734, 8, 1, 1, NULL, NULL),
(1735, 8, 1, 1, NULL, NULL),
(1736, 8, 1, 1, NULL, NULL),
(1737, 8, 1, 1, NULL, NULL),
(1738, 8, 1, 1, NULL, NULL),
(1739, 8, 1, 1, NULL, NULL),
(1740, 8, 1, 1, NULL, NULL),
(1741, 8, 1, 1, NULL, NULL),
(1742, 8, 1, 1, NULL, NULL),
(1743, 8, 1, 1, NULL, NULL),
(1744, 8, 1, 1, NULL, NULL),
(1745, 8, 1, 1, NULL, NULL),
(1746, 8, 1, 1, NULL, NULL),
(1747, 8, 1, 1, NULL, NULL),
(1748, 8, 1, 1, NULL, NULL),
(1749, 8, 1, 1, NULL, NULL),
(1750, 8, 1, 1, NULL, NULL),
(1751, 8, 1, 1, NULL, NULL),
(1752, 8, 1, 1, NULL, NULL),
(1753, 8, 1, 1, NULL, NULL),
(1754, 8, 1, 1, NULL, NULL),
(1755, 8, 1, 1, NULL, NULL),
(1756, 8, 1, 1, NULL, NULL),
(1757, 8, 1, 1, NULL, NULL),
(1758, 8, 1, 1, NULL, NULL),
(1759, 8, 1, 1, NULL, NULL),
(1760, 8, 1, 1, NULL, NULL),
(1761, 8, 1, 1, NULL, NULL),
(1762, 8, 1, 1, NULL, NULL),
(1763, 8, 1, 1, NULL, NULL),
(1764, 8, 1, 1, NULL, NULL),
(1765, 8, 1, 1, NULL, NULL),
(1766, 8, 1, 1, NULL, NULL),
(1767, 8, 1, 1, NULL, NULL),
(1768, 8, 1, 1, NULL, NULL),
(1769, 8, 1, 1, NULL, NULL),
(1770, 8, 1, 1, NULL, NULL),
(1771, 8, 1, 1, NULL, NULL),
(1772, 8, 1, 1, NULL, NULL),
(1773, 8, 1, 1, NULL, NULL),
(1774, 8, 1, 1, NULL, NULL),
(1775, 8, 1, 1, NULL, NULL),
(1776, 8, 1, 1, NULL, NULL),
(1777, 8, 1, 1, NULL, NULL),
(1778, 8, 1, 1, NULL, NULL),
(1779, 8, 1, 1, NULL, NULL),
(1780, 8, 1, 1, NULL, NULL),
(1781, 8, 1, 1, NULL, NULL),
(1782, 8, 1, 1, NULL, NULL),
(1783, 8, 1, 1, NULL, NULL),
(1784, 8, 1, 1, NULL, NULL),
(1785, 8, 1, 1, NULL, NULL),
(1786, 8, 1, 1, NULL, NULL),
(1787, 8, 1, 1, NULL, NULL),
(1788, 8, 1, 1, NULL, NULL),
(1789, 8, 1, 1, NULL, NULL),
(1790, 8, 1, 1, NULL, NULL),
(1791, 8, 1, 1, NULL, NULL),
(1792, 8, 1, 1, NULL, NULL),
(1793, 8, 1, 1, NULL, NULL),
(1794, 8, 1, 1, NULL, NULL),
(1795, 8, 1, 1, NULL, NULL),
(1796, 8, 1, 1, NULL, NULL),
(1797, 8, 1, 1, NULL, NULL),
(1798, 8, 1, 1, NULL, NULL),
(1799, 8, 1, 1, NULL, NULL),
(1800, 8, 1, 1, NULL, NULL),
(1801, 8, 1, 1, NULL, NULL),
(1802, 8, 1, 1, NULL, NULL),
(1803, 8, 1, 1, NULL, NULL),
(1804, 8, 1, 1, NULL, NULL),
(1805, 8, 1, 1, NULL, NULL),
(1806, 8, 1, 1, NULL, NULL),
(1807, 8, 1, 1, NULL, NULL),
(1808, 8, 1, 1, NULL, NULL),
(1809, 8, 1, 1, NULL, NULL),
(1810, 8, 1, 1, NULL, NULL),
(1811, 8, 1, 1, NULL, NULL),
(1812, 8, 1, 1, NULL, NULL),
(1813, 8, 1, 1, NULL, NULL),
(1814, 8, 1, 1, NULL, NULL),
(1815, 8, 1, 1, NULL, NULL),
(1816, 8, 1, 1, NULL, NULL),
(1817, 8, 1, 1, NULL, NULL),
(1818, 8, 1, 1, NULL, NULL),
(1819, 8, 1, 1, NULL, NULL),
(1820, 8, 1, 1, NULL, NULL),
(1821, 8, 1, 1, NULL, NULL),
(1822, 8, 1, 1, NULL, NULL),
(1823, 8, 1, 1, NULL, NULL),
(1824, 8, 1, 1, NULL, NULL),
(1825, 8, 1, 1, NULL, NULL),
(1826, 8, 1, 1, NULL, NULL),
(1827, 8, 1, 1, NULL, NULL),
(1828, 8, 1, 1, NULL, NULL),
(1829, 8, 1, 1, NULL, NULL),
(1830, 8, 1, 1, NULL, NULL),
(1831, 8, 1, 1, NULL, NULL),
(1832, 8, 1, 1, NULL, NULL),
(1833, 8, 1, 1, NULL, NULL),
(1834, 8, 1, 1, NULL, NULL),
(1835, 8, 1, 1, NULL, NULL),
(1836, 8, 1, 1, NULL, NULL),
(1837, 8, 1, 1, NULL, NULL),
(1838, 8, 1, 1, NULL, NULL),
(1839, 8, 1, 1, NULL, NULL),
(1840, 8, 1, 1, NULL, NULL),
(1841, 8, 1, 1, NULL, NULL),
(1842, 8, 1, 1, NULL, NULL),
(1843, 8, 1, 1, NULL, NULL),
(1844, 8, 1, 1, NULL, NULL),
(1845, 8, 1, 1, NULL, NULL),
(1846, 8, 1, 1, NULL, NULL),
(1847, 8, 1, 1, NULL, NULL),
(1848, 8, 1, 1, NULL, NULL),
(1849, 8, 1, 1, NULL, NULL),
(1850, 8, 1, 1, NULL, NULL),
(1851, 8, 1, 1, NULL, NULL),
(1852, 8, 1, 1, NULL, NULL),
(1853, 8, 1, 1, NULL, NULL),
(1854, 8, 1, 1, NULL, NULL),
(1855, 8, 1, 1, NULL, NULL),
(1856, 8, 1, 1, NULL, NULL),
(1857, 8, 1, 1, NULL, NULL),
(1858, 8, 1, 1, NULL, NULL),
(1859, 8, 1, 1, NULL, NULL),
(1860, 8, 1, 1, NULL, NULL),
(1861, 8, 1, 1, NULL, NULL),
(1862, 8, 1, 1, NULL, NULL),
(1863, 8, 1, 1, NULL, NULL),
(1864, 8, 1, 1, NULL, NULL),
(1865, 8, 1, 1, NULL, NULL),
(1866, 8, 1, 1, NULL, NULL),
(1867, 8, 1, 1, NULL, NULL),
(1868, 8, 1, 1, NULL, NULL),
(1869, 8, 1, 1, NULL, NULL),
(1870, 8, 1, 1, NULL, NULL),
(1871, 8, 1, 1, NULL, NULL),
(1872, 8, 1, 1, NULL, NULL),
(1873, 8, 1, 1, NULL, NULL),
(1874, 8, 1, 1, NULL, NULL),
(1875, 8, 1, 1, NULL, NULL),
(1876, 8, 1, 1, NULL, NULL),
(1877, 8, 1, 1, NULL, NULL),
(1878, 8, 1, 1, NULL, NULL),
(1879, 8, 1, 1, NULL, NULL),
(1880, 8, 1, 1, NULL, NULL),
(1881, 8, 1, 1, NULL, NULL),
(1882, 8, 1, 1, NULL, NULL),
(1883, 8, 1, 1, NULL, NULL),
(1884, 8, 1, 1, NULL, NULL),
(1885, 8, 1, 1, NULL, NULL),
(1886, 8, 1, 1, NULL, NULL),
(1887, 8, 1, 1, NULL, NULL),
(1888, 8, 1, 1, NULL, NULL);
INSERT INTO `book_issues` (`issue_id`, `book_id`, `available_status`, `added_by`, `created_at`, `updated_at`) VALUES
(1889, 8, 1, 1, NULL, NULL),
(1890, 8, 1, 1, NULL, NULL),
(1891, 8, 1, 1, NULL, NULL),
(1892, 8, 1, 1, NULL, NULL),
(1893, 8, 1, 1, NULL, NULL),
(1894, 8, 1, 1, NULL, NULL),
(1895, 8, 1, 1, NULL, NULL),
(1896, 8, 1, 1, NULL, NULL),
(1897, 8, 1, 1, NULL, NULL),
(1898, 8, 1, 1, NULL, NULL),
(1899, 8, 1, 1, NULL, NULL),
(1900, 8, 1, 1, NULL, NULL),
(1901, 8, 1, 1, NULL, NULL),
(1902, 8, 1, 1, NULL, NULL),
(1903, 8, 1, 1, NULL, NULL),
(1904, 8, 1, 1, NULL, NULL),
(1905, 8, 1, 1, NULL, NULL),
(1906, 8, 1, 1, NULL, NULL),
(1907, 8, 1, 1, NULL, NULL),
(1908, 8, 1, 1, NULL, NULL),
(1909, 8, 1, 1, NULL, NULL),
(1910, 8, 1, 1, NULL, NULL),
(1911, 8, 1, 1, NULL, NULL),
(1912, 8, 1, 1, NULL, NULL),
(1913, 8, 1, 1, NULL, NULL),
(1914, 8, 1, 1, NULL, NULL),
(1915, 8, 1, 1, NULL, NULL),
(1916, 8, 1, 1, NULL, NULL),
(1917, 8, 1, 1, NULL, NULL),
(1918, 8, 1, 1, NULL, NULL),
(1919, 8, 1, 1, NULL, NULL),
(1920, 8, 1, 1, NULL, NULL),
(1921, 8, 1, 1, NULL, NULL),
(1922, 8, 1, 1, NULL, NULL),
(1923, 8, 1, 1, NULL, NULL),
(1924, 8, 1, 1, NULL, NULL),
(1925, 8, 1, 1, NULL, NULL),
(1926, 8, 1, 1, NULL, NULL),
(1927, 8, 1, 1, NULL, NULL),
(1928, 8, 1, 1, NULL, NULL),
(1929, 8, 1, 1, NULL, NULL),
(1930, 8, 1, 1, NULL, NULL),
(1931, 8, 1, 1, NULL, NULL),
(1932, 8, 1, 1, NULL, NULL),
(1933, 8, 1, 1, NULL, NULL),
(1934, 8, 1, 1, NULL, NULL),
(1935, 8, 1, 1, NULL, NULL),
(1936, 8, 1, 1, NULL, NULL),
(1937, 8, 1, 1, NULL, NULL),
(1938, 8, 1, 1, NULL, NULL),
(1939, 8, 1, 1, NULL, NULL),
(1940, 8, 1, 1, NULL, NULL),
(1941, 8, 1, 1, NULL, NULL),
(1942, 8, 1, 1, NULL, NULL),
(1943, 8, 1, 1, NULL, NULL),
(1944, 8, 1, 1, NULL, NULL),
(1945, 8, 1, 1, NULL, NULL),
(1946, 8, 1, 1, NULL, NULL),
(1947, 8, 1, 1, NULL, NULL),
(1948, 8, 1, 1, NULL, NULL),
(1949, 8, 1, 1, NULL, NULL),
(1950, 8, 1, 1, NULL, NULL),
(1951, 8, 1, 1, NULL, NULL),
(1952, 8, 1, 1, NULL, NULL),
(1953, 8, 1, 1, NULL, NULL),
(1954, 8, 1, 1, NULL, NULL),
(1955, 8, 1, 1, NULL, NULL),
(1956, 8, 1, 1, NULL, NULL),
(1957, 8, 1, 1, NULL, NULL),
(1958, 8, 1, 1, NULL, NULL),
(1959, 8, 1, 1, NULL, NULL),
(1960, 8, 1, 1, NULL, NULL),
(1961, 8, 1, 1, NULL, NULL),
(1962, 8, 1, 1, NULL, NULL),
(1963, 8, 1, 1, NULL, NULL),
(1964, 8, 1, 1, NULL, NULL),
(1965, 8, 1, 1, NULL, NULL),
(1966, 8, 1, 1, NULL, NULL),
(1967, 8, 1, 1, NULL, NULL),
(1968, 8, 1, 1, NULL, NULL),
(1969, 8, 1, 1, NULL, NULL),
(1970, 8, 1, 1, NULL, NULL),
(1971, 8, 1, 1, NULL, NULL),
(1972, 8, 1, 1, NULL, NULL),
(1973, 8, 1, 1, NULL, NULL),
(1974, 8, 1, 1, NULL, NULL),
(1975, 8, 1, 1, NULL, NULL),
(1976, 8, 1, 1, NULL, NULL),
(1977, 8, 1, 1, NULL, NULL),
(1978, 8, 1, 1, NULL, NULL),
(1979, 8, 1, 1, NULL, NULL),
(1980, 8, 1, 1, NULL, NULL);

-- --------------------------------------------------------

--
-- Table structure for table `book_issue_logs`
--

CREATE TABLE `book_issue_logs` (
  `id` bigint(20) UNSIGNED NOT NULL,
  `book_issue_id` int(10) UNSIGNED NOT NULL,
  `student_id` int(10) UNSIGNED NOT NULL,
  `issue_by` int(10) UNSIGNED NOT NULL,
  `issued_at` varchar(50) NOT NULL,
  `return_time` varchar(50) NOT NULL,
  `created_at` timestamp NULL DEFAULT NULL,
  `updated_at` timestamp NULL DEFAULT NULL
) ENGINE=InnoDB DEFAULT CHARSET=utf8mb4 COLLATE=utf8mb4_unicode_ci;

--
-- Dumping data for table `book_issue_logs`
--

INSERT INTO `book_issue_logs` (`id`, `book_issue_id`, `student_id`, `issue_by`, `issued_at`, `return_time`, `created_at`, `updated_at`) VALUES
(1, 4, 1, 1, '2023-09-11 11:27', '2023-09-11 11:27', NULL, NULL),
(2, 4, 1, 1, '2023-09-11 11:28', '2023-09-11 11:28', NULL, NULL),
(3, 4, 1, 1, '2023-09-11 11:31', '2023-09-11 11:31', NULL, NULL),
(4, 1, 1, 1, '2023-09-11 11:33', '2023-09-11 11:33', NULL, NULL),
(5, 2, 2, 1, '2023-09-11 11:34', '2023-09-11 11:36', NULL, NULL),
(6, 2, 2, 1, '2023-09-11 11:36', '2023-09-11 11:36', NULL, NULL),
(7, 1, 1, 1, '2023-09-11 11:37', '2023-09-11 11:37', NULL, NULL),
(8, 2, 2, 1, '2023-09-11 11:38', '2023-09-11 11:38', NULL, NULL),
(9, 2, 2, 1, '2023-09-11 11:41', '2023-09-11 11:41', NULL, NULL),
(10, 2, 2, 1, '2023-09-11 11:42', '2023-09-11 11:42', NULL, NULL),
(11, 1, 1, 1, '2023-09-11 11:54', '2023-09-11 11:57', NULL, NULL),
(12, 1, 1, 1, '2023-09-11 12:01', '2023-09-11 12:06', NULL, NULL),
(13, 1, 1, 1, '2023-09-11 12:18', '2023-09-11 12:19', NULL, NULL),
(14, 2, 2, 1, '2023-09-11 12:19', '2023-09-11 12:19', NULL, NULL),
(15, 1, 1, 1, '2023-09-11 12:33', '2023-09-11 12:34', NULL, NULL),
(16, 1, 1, 1, '2023-09-11 12:35', '2023-09-11 12:35', NULL, NULL),
(17, 2, 2, 1, '2023-09-11 12:35', '2023-09-11 12:36', NULL, NULL),
(18, 2, 2, 1, '2023-09-11 12:44', '2023-09-11 12:46', NULL, NULL),
(19, 2, 2, 1, '2023-09-11 13:02', '2023-09-11 13:08', NULL, NULL),
(20, 1, 1, 1, '2023-09-12 11:32', '2023-09-12 11:32', NULL, NULL),
(21, 2, 2, 1, '2023-09-12 11:33', '2023-09-12 11:33', NULL, NULL),
(22, 1, 1, 1, '2023-09-12 11:49', '2023-09-12 11:49', NULL, NULL),
(23, 2, 2, 1, '2023-09-12 11:49', '2023-09-12 11:50', NULL, NULL),
(24, 3, 3, 1, '2023-09-12 11:59', '2023-09-12 11:59', NULL, NULL),
(25, 3, 3, 1, '2023-09-12 12:08', '2023-09-12 12:08', NULL, NULL),
(26, 3, 3, 1, '2023-09-12 12:09', '2023-09-12 12:09', NULL, NULL),
(27, 2, 2, 1, '2023-09-12 12:09', '2023-09-12 12:09', NULL, NULL),
(28, 8, 4, 1, '2023-09-12 12:10', '2023-09-12 12:10', NULL, NULL),
(29, 1, 1, 1, '2023-09-12 12:10', '2023-09-12 12:10', NULL, NULL);

-- --------------------------------------------------------

--
-- Table structure for table `book_requests`
--

CREATE TABLE `book_requests` (
  `id` bigint(20) UNSIGNED NOT NULL,
  `id_num` varchar(255) DEFAULT NULL,
  `name` varchar(255) DEFAULT NULL,
  `email` varchar(255) DEFAULT NULL,
  `book_name` varchar(255) DEFAULT NULL,
  `user_type` varchar(255) DEFAULT NULL,
  `books_issued` tinyint(1) NOT NULL DEFAULT 0,
  `created_at` timestamp NULL DEFAULT NULL,
  `updated_at` timestamp NULL DEFAULT NULL
) ENGINE=InnoDB DEFAULT CHARSET=utf8mb4 COLLATE=utf8mb4_unicode_ci;

-- --------------------------------------------------------

--
-- Table structure for table `branches`
--

CREATE TABLE `branches` (
  `id` bigint(20) UNSIGNED NOT NULL,
  `branch` varchar(255) NOT NULL,
  `created_at` timestamp NULL DEFAULT NULL,
  `updated_at` timestamp NULL DEFAULT NULL
) ENGINE=InnoDB DEFAULT CHARSET=utf8mb4 COLLATE=utf8mb4_unicode_ci;

--
-- Dumping data for table `branches`
--

INSERT INTO `branches` (`id`, `branch`, `created_at`, `updated_at`) VALUES
(1, 'Green Road', '2023-07-06 05:05:49', '2023-07-06 05:05:49'),
(3, 'Satarkul badda', '2023-08-19 03:39:18', '2023-08-19 03:39:18');

-- --------------------------------------------------------

--
-- Table structure for table `categories`
--

CREATE TABLE `categories` (
  `id` bigint(20) UNSIGNED NOT NULL,
  `created_at` timestamp NULL DEFAULT NULL,
  `updated_at` timestamp NULL DEFAULT NULL
) ENGINE=InnoDB DEFAULT CHARSET=utf8mb4 COLLATE=utf8mb4_unicode_ci;

-- --------------------------------------------------------

--
-- Table structure for table `failed_jobs`
--

CREATE TABLE `failed_jobs` (
  `id` bigint(20) UNSIGNED NOT NULL,
  `connection` text NOT NULL,
  `queue` text NOT NULL,
  `payload` longtext NOT NULL,
  `exception` longtext NOT NULL,
  `failed_at` timestamp NOT NULL DEFAULT current_timestamp()
) ENGINE=InnoDB DEFAULT CHARSET=utf8mb4 COLLATE=utf8mb4_unicode_ci;

-- --------------------------------------------------------

--
-- Table structure for table `issues`
--

CREATE TABLE `issues` (
  `id` bigint(20) UNSIGNED NOT NULL,
  `created_at` timestamp NULL DEFAULT NULL,
  `updated_at` timestamp NULL DEFAULT NULL
) ENGINE=InnoDB DEFAULT CHARSET=utf8mb4 COLLATE=utf8mb4_unicode_ci;

-- --------------------------------------------------------

--
-- Table structure for table `issue_logs`
--

CREATE TABLE `issue_logs` (
  `id` bigint(20) UNSIGNED NOT NULL,
  `created_at` timestamp NULL DEFAULT NULL,
  `updated_at` timestamp NULL DEFAULT NULL
) ENGINE=InnoDB DEFAULT CHARSET=utf8mb4 COLLATE=utf8mb4_unicode_ci;

-- --------------------------------------------------------

--
-- Table structure for table `logs`
--

CREATE TABLE `logs` (
  `id` bigint(20) UNSIGNED NOT NULL,
  `created_at` timestamp NULL DEFAULT NULL,
  `updated_at` timestamp NULL DEFAULT NULL
) ENGINE=InnoDB DEFAULT CHARSET=utf8mb4 COLLATE=utf8mb4_unicode_ci;

-- --------------------------------------------------------

--
-- Table structure for table `members`
--

CREATE TABLE `members` (
  `id` bigint(20) UNSIGNED NOT NULL,
  `first_name` varchar(512) NOT NULL,
  `last_name` varchar(512) NOT NULL,
  `approved` tinyint(4) NOT NULL DEFAULT 0,
  `rejected` tinyint(4) NOT NULL DEFAULT 0,
  `category` int(10) UNSIGNED NOT NULL,
  `roll_num` varchar(15) NOT NULL,
  `branch` tinyint(4) NOT NULL DEFAULT 0,
  `year` int(10) UNSIGNED NOT NULL,
  `phone_no` varchar(1000) DEFAULT NULL,
  `address` varchar(1000) DEFAULT NULL,
  `books_issued` tinyint(4) NOT NULL DEFAULT 0,
  `email` varchar(512) NOT NULL,
  `password` varchar(255) DEFAULT NULL,
  `profile_image` text DEFAULT NULL,
  `created_at` timestamp NULL DEFAULT NULL,
  `updated_at` timestamp NULL DEFAULT NULL
) ENGINE=InnoDB DEFAULT CHARSET=utf8mb4 COLLATE=utf8mb4_unicode_ci;

--
-- Dumping data for table `members`
--

INSERT INTO `members` (`id`, `first_name`, `last_name`, `approved`, `rejected`, `category`, `roll_num`, `branch`, `year`, `phone_no`, `address`, `books_issued`, `email`, `password`, `profile_image`, `created_at`, `updated_at`) VALUES
(1, 'Abdi', 'hafid', 0, 0, 1, '1088782', 1, 2023, '017297432432', 'satrakul', 0, 'abdihafid@gmail.com', '$2y$10$hFl94Vr0gtjoxkIyv3eZyu.6eDf7b/x1DkhwdK22c//n./9tL8GTq', '1692765249.png', '2023-08-19 03:14:29', '2023-08-22 22:34:11');

-- --------------------------------------------------------

--
-- Table structure for table `migrations`
--

CREATE TABLE `migrations` (
  `id` int(10) UNSIGNED NOT NULL,
  `migration` varchar(255) NOT NULL,
  `batch` int(11) NOT NULL
) ENGINE=InnoDB DEFAULT CHARSET=utf8mb4 COLLATE=utf8mb4_unicode_ci;

--
-- Dumping data for table `migrations`
--

INSERT INTO `migrations` (`id`, `migration`, `batch`) VALUES
(1, '2014_10_12_000000_create_users_table', 1),
(2, '2014_10_12_100000_create_password_resets_table', 1),
(3, '2019_08_19_000000_create_failed_jobs_table', 1),
(4, '2019_12_14_000001_create_personal_access_tokens_table', 1),
(5, '2020_11_27_095343_create_books_table', 1),
(6, '2020_11_27_095406_create_branches_table', 1),
(7, '2020_11_27_095436_create_categories_table', 1),
(8, '2020_11_27_095452_create_issues_table', 1),
(9, '2020_11_27_095506_create_issue_logs_table', 1),
(10, '2020_11_27_095530_create_logs_table', 1),
(11, '2020_11_27_095545_create_students_table', 1),
(12, '2020_11_27_095628_create_student_categories_table', 1),
(13, '2020_11_27_095847_create_book_categories_table', 1),
(14, '2020_11_27_095955_create_book_issues_table', 1),
(15, '2020_11_27_100146_create_book_issue_logs_table', 1),
(16, '2023_08_01_043024_create_members_table', 2),
(17, '2023_08_01_043217_create_teachers_table', 2),
(18, '2023_08_05_085659_create_book_requests_table', 3);

-- --------------------------------------------------------

--
-- Table structure for table `password_resets`
--

CREATE TABLE `password_resets` (
  `email` varchar(255) NOT NULL,
  `token` varchar(255) NOT NULL,
  `created_at` timestamp NULL DEFAULT NULL
) ENGINE=InnoDB DEFAULT CHARSET=utf8mb4 COLLATE=utf8mb4_unicode_ci;

-- --------------------------------------------------------

--
-- Table structure for table `personal_access_tokens`
--

CREATE TABLE `personal_access_tokens` (
  `id` bigint(20) UNSIGNED NOT NULL,
  `tokenable_type` varchar(255) NOT NULL,
  `tokenable_id` bigint(20) UNSIGNED NOT NULL,
  `name` varchar(255) NOT NULL,
  `token` varchar(64) NOT NULL,
  `abilities` text DEFAULT NULL,
  `last_used_at` timestamp NULL DEFAULT NULL,
  `expires_at` timestamp NULL DEFAULT NULL,
  `created_at` timestamp NULL DEFAULT NULL,
  `updated_at` timestamp NULL DEFAULT NULL
) ENGINE=InnoDB DEFAULT CHARSET=utf8mb4 COLLATE=utf8mb4_unicode_ci;

-- --------------------------------------------------------

--
-- Table structure for table `students`
--

CREATE TABLE `students` (
  `student_id` bigint(20) UNSIGNED NOT NULL,
  `first_name` varchar(512) NOT NULL,
  `last_name` varchar(512) NOT NULL,
  `approved` tinyint(4) NOT NULL DEFAULT 0,
  `rejected` tinyint(4) NOT NULL DEFAULT 0,
  `category` int(10) UNSIGNED NOT NULL,
  `roll_num` varchar(15) NOT NULL,
  `branch` tinyint(4) NOT NULL DEFAULT 0,
  `year` int(10) UNSIGNED NOT NULL,
  `books_issued` tinyint(4) NOT NULL DEFAULT 0,
  `book_name` varchar(1000) DEFAULT NULL,
  `email_id` varchar(512) NOT NULL,
  `user_type` varchar(255) DEFAULT NULL,
  `created_at` timestamp NULL DEFAULT NULL,
  `updated_at` timestamp NULL DEFAULT NULL
) ENGINE=InnoDB DEFAULT CHARSET=utf8mb4 COLLATE=utf8mb4_unicode_ci;

--
-- Dumping data for table `students`
--

INSERT INTO `students` (`student_id`, `first_name`, `last_name`, `approved`, `rejected`, `category`, `roll_num`, `branch`, `year`, `books_issued`, `book_name`, `email_id`, `user_type`, `created_at`, `updated_at`) VALUES
(1, 'Habibullah', 'Belali', 1, 0, 1, '243245', 1, 2023, 0, 'Structured Programming', 'habibulah@gmail.com', NULL, NULL, NULL),
(2, 'Habibullah', 'Belali', 1, 0, 1, '243245', 1, 2023, 0, 'Data structures', 'habibulah@gmail.com', NULL, NULL, NULL),
(3, 'Habibullah', 'Belali', 1, 0, 1, '243245', 1, 2023, 0, 'Discrete Mathematics', 'habibulah@gmail.com', NULL, NULL, NULL),
(4, 'Habibullah', 'Belali', 1, 0, 1, '243245', 1, 2023, 0, 'Communicative English', 'habibulah@gmail.com', NULL, NULL, NULL);

-- --------------------------------------------------------

--
-- Table structure for table `student_categories`
--

CREATE TABLE `student_categories` (
  `cat_id` bigint(20) UNSIGNED NOT NULL,
  `category` varchar(512) NOT NULL,
  `max_allowed` int(11) NOT NULL,
  `created_at` timestamp NULL DEFAULT NULL,
  `updated_at` timestamp NULL DEFAULT NULL
) ENGINE=InnoDB DEFAULT CHARSET=utf8mb4 COLLATE=utf8mb4_unicode_ci;

--
-- Dumping data for table `student_categories`
--

INSERT INTO `student_categories` (`cat_id`, `category`, `max_allowed`, `created_at`, `updated_at`) VALUES
(1, 'CSE', 100, NULL, NULL),
(2, 'BBA', 200, NULL, NULL),
(4, 'EEE', 100, NULL, NULL),
(5, 'English', 100, NULL, NULL);

-- --------------------------------------------------------

--
-- Table structure for table `teachers`
--

CREATE TABLE `teachers` (
  `id` bigint(20) UNSIGNED NOT NULL,
  `first_name` varchar(512) NOT NULL,
  `last_name` varchar(512) NOT NULL,
  `approved` tinyint(4) NOT NULL DEFAULT 0,
  `rejected` tinyint(4) NOT NULL DEFAULT 0,
  `category` int(10) UNSIGNED NOT NULL,
  `id_num` varchar(15) NOT NULL,
  `branch` tinyint(4) NOT NULL DEFAULT 0,
  `year` int(10) UNSIGNED NOT NULL,
  `books_issued` tinyint(4) NOT NULL DEFAULT 0,
  `email` varchar(512) NOT NULL,
  `phone_no` varchar(1000) DEFAULT NULL,
  `address` varchar(1000) DEFAULT NULL,
  `title` varchar(1000) DEFAULT NULL,
  `password` varchar(255) NOT NULL,
  `profile_image` varchar(1000) DEFAULT NULL,
  `created_at` timestamp NULL DEFAULT NULL,
  `updated_at` timestamp NULL DEFAULT NULL
) ENGINE=InnoDB DEFAULT CHARSET=utf8mb4 COLLATE=utf8mb4_unicode_ci;

--
-- Dumping data for table `teachers`
--

INSERT INTO `teachers` (`id`, `first_name`, `last_name`, `approved`, `rejected`, `category`, `id_num`, `branch`, `year`, `books_issued`, `email`, `phone_no`, `address`, `title`, `password`, `profile_image`, `created_at`, `updated_at`) VALUES
(1, 'Habibullah', 'Belali', 0, 0, 1, '243245', 1, 2023, 0, 'habibulah@gmail.com', '012873323', 'Panthapath', 'Assitant Professor', '$2y$10$vrAF1hz.N4LpjGEve/EvTejy49LXNYj5GIQ9MaOQ5dNpHB49vMFXO', NULL, '2023-08-19 02:27:38', '2023-08-19 02:27:38');

-- --------------------------------------------------------

--
-- Table structure for table `users`
--

CREATE TABLE `users` (
  `id` bigint(20) UNSIGNED NOT NULL,
  `name` varchar(255) DEFAULT NULL,
  `username` varchar(255) DEFAULT NULL,
  `email` varchar(255) DEFAULT NULL,
  `profile_image` varchar(1000) DEFAULT NULL,
  `email_verified_at` timestamp NULL DEFAULT NULL,
  `verification_status` tinyint(4) NOT NULL DEFAULT 0,
  `password` varchar(255) NOT NULL,
  `remember_token` varchar(100) DEFAULT NULL,
  `created_at` timestamp NULL DEFAULT NULL,
  `updated_at` timestamp NULL DEFAULT NULL
) ENGINE=InnoDB DEFAULT CHARSET=utf8mb4 COLLATE=utf8mb4_unicode_ci;

--
-- Dumping data for table `users`
--

INSERT INTO `users` (`id`, `name`, `username`, `email`, `profile_image`, `email_verified_at`, `verification_status`, `password`, `remember_token`, `created_at`, `updated_at`) VALUES
(1, 'Admin', 'admin@gmail.com', 'admin@gmail.com', '1692437431.jpg', NULL, 0, '$2y$10$MtNlTbBZBicTV1XMNRoFheZuk0IiQ47yD7JScwcB8t2yT46/4l.QG', NULL, '2023-08-04 04:16:21', '2023-08-19 03:30:31');

--
-- Indexes for dumped tables
--

--
-- Indexes for table `books`
--
ALTER TABLE `books`
  ADD PRIMARY KEY (`book_id`);

--
-- Indexes for table `book_categories`
--
ALTER TABLE `book_categories`
  ADD PRIMARY KEY (`id`);

--
-- Indexes for table `book_issues`
--
ALTER TABLE `book_issues`
  ADD PRIMARY KEY (`issue_id`);

--
-- Indexes for table `book_issue_logs`
--
ALTER TABLE `book_issue_logs`
  ADD PRIMARY KEY (`id`);

--
-- Indexes for table `book_requests`
--
ALTER TABLE `book_requests`
  ADD PRIMARY KEY (`id`);

--
-- Indexes for table `branches`
--
ALTER TABLE `branches`
  ADD PRIMARY KEY (`id`);

--
-- Indexes for table `categories`
--
ALTER TABLE `categories`
  ADD PRIMARY KEY (`id`);

--
-- Indexes for table `failed_jobs`
--
ALTER TABLE `failed_jobs`
  ADD PRIMARY KEY (`id`);

--
-- Indexes for table `issues`
--
ALTER TABLE `issues`
  ADD PRIMARY KEY (`id`);

--
-- Indexes for table `issue_logs`
--
ALTER TABLE `issue_logs`
  ADD PRIMARY KEY (`id`);

--
-- Indexes for table `logs`
--
ALTER TABLE `logs`
  ADD PRIMARY KEY (`id`);

--
-- Indexes for table `members`
--
ALTER TABLE `members`
  ADD PRIMARY KEY (`id`);

--
-- Indexes for table `migrations`
--
ALTER TABLE `migrations`
  ADD PRIMARY KEY (`id`);

--
-- Indexes for table `password_resets`
--
ALTER TABLE `password_resets`
  ADD KEY `password_resets_email_index` (`email`);

--
-- Indexes for table `personal_access_tokens`
--
ALTER TABLE `personal_access_tokens`
  ADD PRIMARY KEY (`id`),
  ADD UNIQUE KEY `personal_access_tokens_token_unique` (`token`),
  ADD KEY `personal_access_tokens_tokenable_type_tokenable_id_index` (`tokenable_type`,`tokenable_id`);

--
-- Indexes for table `students`
--
ALTER TABLE `students`
  ADD PRIMARY KEY (`student_id`);

--
-- Indexes for table `student_categories`
--
ALTER TABLE `student_categories`
  ADD PRIMARY KEY (`cat_id`);

--
-- Indexes for table `teachers`
--
ALTER TABLE `teachers`
  ADD PRIMARY KEY (`id`);

--
-- Indexes for table `users`
--
ALTER TABLE `users`
  ADD PRIMARY KEY (`id`),
  ADD UNIQUE KEY `users_email_unique` (`email`);

--
-- AUTO_INCREMENT for dumped tables
--

--
-- AUTO_INCREMENT for table `books`
--
ALTER TABLE `books`
  MODIFY `book_id` bigint(20) UNSIGNED NOT NULL AUTO_INCREMENT, AUTO_INCREMENT=9;

--
-- AUTO_INCREMENT for table `book_categories`
--
ALTER TABLE `book_categories`
  MODIFY `id` bigint(20) UNSIGNED NOT NULL AUTO_INCREMENT, AUTO_INCREMENT=5;

--
-- AUTO_INCREMENT for table `book_issues`
--
ALTER TABLE `book_issues`
  MODIFY `issue_id` bigint(20) UNSIGNED NOT NULL AUTO_INCREMENT, AUTO_INCREMENT=1981;

--
-- AUTO_INCREMENT for table `book_issue_logs`
--
ALTER TABLE `book_issue_logs`
  MODIFY `id` bigint(20) UNSIGNED NOT NULL AUTO_INCREMENT, AUTO_INCREMENT=30;

--
-- AUTO_INCREMENT for table `book_requests`
--
ALTER TABLE `book_requests`
  MODIFY `id` bigint(20) UNSIGNED NOT NULL AUTO_INCREMENT;

--
-- AUTO_INCREMENT for table `branches`
--
ALTER TABLE `branches`
  MODIFY `id` bigint(20) UNSIGNED NOT NULL AUTO_INCREMENT, AUTO_INCREMENT=4;

--
-- AUTO_INCREMENT for table `categories`
--
ALTER TABLE `categories`
  MODIFY `id` bigint(20) UNSIGNED NOT NULL AUTO_INCREMENT;

--
-- AUTO_INCREMENT for table `failed_jobs`
--
ALTER TABLE `failed_jobs`
  MODIFY `id` bigint(20) UNSIGNED NOT NULL AUTO_INCREMENT;

--
-- AUTO_INCREMENT for table `issues`
--
ALTER TABLE `issues`
  MODIFY `id` bigint(20) UNSIGNED NOT NULL AUTO_INCREMENT;

--
-- AUTO_INCREMENT for table `issue_logs`
--
ALTER TABLE `issue_logs`
  MODIFY `id` bigint(20) UNSIGNED NOT NULL AUTO_INCREMENT;

--
-- AUTO_INCREMENT for table `logs`
--
ALTER TABLE `logs`
  MODIFY `id` bigint(20) UNSIGNED NOT NULL AUTO_INCREMENT;

--
-- AUTO_INCREMENT for table `members`
--
ALTER TABLE `members`
  MODIFY `id` bigint(20) UNSIGNED NOT NULL AUTO_INCREMENT, AUTO_INCREMENT=2;

--
-- AUTO_INCREMENT for table `migrations`
--
ALTER TABLE `migrations`
  MODIFY `id` int(10) UNSIGNED NOT NULL AUTO_INCREMENT, AUTO_INCREMENT=19;

--
-- AUTO_INCREMENT for table `personal_access_tokens`
--
ALTER TABLE `personal_access_tokens`
  MODIFY `id` bigint(20) UNSIGNED NOT NULL AUTO_INCREMENT;

--
-- AUTO_INCREMENT for table `students`
--
ALTER TABLE `students`
  MODIFY `student_id` bigint(20) UNSIGNED NOT NULL AUTO_INCREMENT, AUTO_INCREMENT=5;

--
-- AUTO_INCREMENT for table `student_categories`
--
ALTER TABLE `student_categories`
  MODIFY `cat_id` bigint(20) UNSIGNED NOT NULL AUTO_INCREMENT, AUTO_INCREMENT=6;

--
-- AUTO_INCREMENT for table `teachers`
--
ALTER TABLE `teachers`
  MODIFY `id` bigint(20) UNSIGNED NOT NULL AUTO_INCREMENT, AUTO_INCREMENT=2;

--
-- AUTO_INCREMENT for table `users`
--
ALTER TABLE `users`
  MODIFY `id` bigint(20) UNSIGNED NOT NULL AUTO_INCREMENT, AUTO_INCREMENT=6;
COMMIT;

/*!40101 SET CHARACTER_SET_CLIENT=@OLD_CHARACTER_SET_CLIENT */;
/*!40101 SET CHARACTER_SET_RESULTS=@OLD_CHARACTER_SET_RESULTS */;
/*!40101 SET COLLATION_CONNECTION=@OLD_COLLATION_CONNECTION */;
